frame,time_s,face_detected,_neutral,browDownLeft,browDownRight,browInnerUp,browOuterUpLeft,browOuterUpRight,cheekPuff,cheekSquintLeft,cheekSquintRight,eyeBlinkLeft,eyeBlinkRight,eyeLookDownLeft,eyeLookDownRight,eyeLookInLeft,eyeLookInRight,eyeLookOutLeft,eyeLookOutRight,eyeLookUpLeft,eyeLookUpRight,eyeSquintLeft,eyeSquintRight,eyeWideLeft,eyeWideRight,jawForward,jawLeft,jawOpen,jawRight,mouthClose,mouthDimpleLeft,mouthDimpleRight,mouthFrownLeft,mouthFrownRight,mouthFunnel,mouthLeft,mouthLowerDownLeft,mouthLowerDownRight,mouthPressLeft,mouthPressRight,mouthPucker,mouthRight,mouthRollLower,mouthRollUpper,mouthShrugLower,mouthShrugUpper,mouthSmileLeft,mouthSmileRight,mouthStretchLeft,mouthStretchRight,mouthUpperUpLeft,mouthUpperUpRight,noseSneerLeft,noseSneerRight
0,0.0,1,0.0,0.0768,0.0707,0.0347,0.0374,0.0162,0.0004,0.0,0.0,0.163,0.1,0.2531,0.2441,0.0106,0.2467,0.2479,0.0231,0.0491,0.0389,0.5576,0.3793,0.0072,0.007,0.0009,0.0,0.0177,0.0015,0.0018,0.0018,0.0108,0.0029,0.0023,0.0094,0.0001,0.0296,0.0305,0.0186,0.0531,0.0116,0.005,0.0116,0.0066,0.0175,0.0345,0.7509,0.8781,0.009,0.0266,0.5631,0.7323,0.0,0.0
5,0.17,1,0.0,0.0686,0.1025,0.0305,0.0335,0.0093,0.0003,0.0,0.0,0.1492,0.1075,0.246,0.2399,0.0131,0.2629,0.2616,0.0147,0.0515,0.0358,0.5984,0.3616,0.0078,0.0053,0.0006,0.0,0.0111,0.0005,0.0019,0.0039,0.0161,0.0013,0.001,0.0044,0.0001,0.0129,0.0189,0.0375,0.0604,0.0082,0.0054,0.0176,0.011,0.0311,0.0292,0.7816,0.8425,0.006,0.0115,0.615,0.7529,0.0,0.0
10,0.33,1,0.0,0.0625,0.1584,0.0286,0.0252,0.0046,0.0002,0.0,0.0,0.1165,0.1216,0.2585,0.2531,0.0277,0.2286,0.2279,0.0121,0.048,0.0328,0.564,0.3555,0.0098,0.0052,0.0003,0.0001,0.0063,0.0002,0.0019,0.0099,0.039,0.0001,0.0001,0.0053,0.0004,0.0057,0.0069,0.0621,0.0762,0.0182,0.0073,0.0116,0.0132,0.0331,0.028,0.8077,0.8077,0.0029,0.0028,0.642,0.7179,0.0,0.0
15,0.5,1,0.0,0.0417,0.1081,0.0238,0.0483,0.0095,0.0003,0.0,0.0,0.509,0.4834,0.5709,0.5642,0.0673,0.2188,0.0944,0.0151,0.0137,0.0078,0.6485,0.5617,0.0014,0.0004,0.0006,0.0003,0.0124,0.0001,0.0021,0.0049,0.0155,0.0013,0.001,0.008,0.0005,0.0141,0.0262,0.0365,0.0489,0.0099,0.001,0.0148,0.0108,0.0192,0.0239,0.788,0.79,0.008,0.0089,0.6249,0.722,0.0,0.0
20,0.67,1,0.0,0.0555,0.0827,0.028,0.0219,0.0063,0.0003,0.0,0.0,0.2367,0.2448,0.2889,0.2648,0.0459,0.1252,0.1128,0.0227,0.0428,0.0257,0.6052,0.3938,0.0034,0.0011,0.0006,0.0002,0.0446,0.0003,0.0058,0.0017,0.0152,0.0064,0.0038,0.0055,0.0001,0.027,0.0278,0.0217,0.0468,0.0033,0.0029,0.0323,0.0179,0.0132,0.024,0.5259,0.6096,0.0232,0.0144,0.423,0.621,0.0,0.0
25,0.83,1,0.0,0.0305,0.0526,0.0463,0.0444,0.0111,0.0003,0.0,0.0,0.1397,0.1305,0.1559,0.1523,0.0497,0.1589,0.113,0.0157,0.0702,0.0498,0.5729,0.3605,0.0067,0.0031,0.0007,0.0004,0.051,0.0003,0.0048,0.0028,0.0107,0.0017,0.0012,0.0085,0.0003,0.0329,0.0399,0.0243,0.0486,0.0063,0.001,0.0254,0.0203,0.0078,0.0193,0.5901,0.6574,0.0077,0.0101,0.309,0.4549,0.0,0.0
30,1.0,1,0.0,0.0365,0.0641,0.0467,0.0296,0.008,0.0003,0.0,0.0,0.1294,0.169,0.1582,0.1555,0.0284,0.1536,0.1563,0.0171,0.074,0.0542,0.5807,0.4012,0.0063,0.0024,0.0006,0.0003,0.0424,0.0002,0.0047,0.0013,0.0144,0.0023,0.0013,0.0099,0.0002,0.0391,0.0301,0.0111,0.0457,0.0071,0.0013,0.0177,0.0107,0.0064,0.0228,0.4622,0.6296,0.0137,0.0102,0.3399,0.5959,0.0,0.0
35,1.17,1,0.0,0.066,0.1069,0.0255,0.0213,0.006,0.0002,0.0,0.0,0.1164,0.158,0.1735,0.1735,0.0238,0.1726,0.1755,0.0162,0.0688,0.0455,0.602,0.4081,0.0079,0.0026,0.0007,0.0001,0.0158,0.0003,0.0023,0.001,0.0079,0.0043,0.0025,0.0112,0.0006,0.02,0.0225,0.01,0.0363,0.0176,0.0005,0.0112,0.0033,0.0102,0.0218,0.493,0.6395,0.0207,0.0196,0.47,0.6781,0.0,0.0
40,1.33,1,0.0,0.0153,0.0253,0.1576,0.0483,0.019,0.0002,0.0,0.0,0.1061,0.1431,0.1637,0.1642,0.0195,0.1999,0.2141,0.0158,0.0696,0.05,0.5491,0.3975,0.0087,0.0035,0.0003,0.0007,0.038,0.0002,0.0031,0.0073,0.0071,0.0,0.0,0.0133,0.0027,0.006,0.0077,0.0147,0.0251,0.0185,0.0004,0.0062,0.0388,0.0019,0.0157,0.5843,0.6902,0.0005,0.0024,0.0365,0.058,0.0,0.0
45,1.5,1,0.0,0.0001,0.0001,0.8042,0.6233,0.2299,0.0,0.0,0.0,0.0666,0.0432,0.2843,0.2535,0.0318,0.1922,0.2023,0.0104,0.0345,0.026,0.2528,0.2527,0.0112,0.0192,0.0003,0.001,0.0599,0.0006,0.0092,0.0096,0.0491,0.0,0.0,0.0105,0.0007,0.0066,0.0048,0.0393,0.0684,0.0126,0.0061,0.0086,0.0525,0.0012,0.0086,0.0017,0.0024,0.0004,0.0003,0.001,0.0012,0.0,0.0
50,1.67,1,0.0,0.0002,0.0,0.7597,0.4684,0.3512,0.0,0.0,0.0,0.1628,0.1764,0.5002,0.4927,0.0154,0.368,0.3969,0.0039,0.0151,0.008,0.3506,0.2651,0.004,0.0041,0.0001,0.0013,0.0163,0.0002,0.0022,0.0003,0.0367,0.0004,0.0002,0.0071,0.0004,0.0042,0.0009,0.0034,0.0258,0.0827,0.0063,0.0054,0.0045,0.0057,0.0256,0.0003,0.0005,0.0025,0.0003,0.0008,0.0022,0.0,0.0
55,1.83,1,0.0,0.0003,0.0001,0.6414,0.3918,0.3543,0.0002,0.0,0.0,0.1444,0.0897,0.3884,0.3417,0.0294,0.2691,0.2482,0.0071,0.0269,0.0152,0.4216,0.3037,0.0055,0.0083,0.0006,0.0016,0.1127,0.0004,0.0081,0.0035,0.0129,0.0005,0.0004,0.019,0.002,0.0314,0.0185,0.0173,0.0436,0.0128,0.0003,0.0087,0.0098,0.0025,0.0379,0.4437,0.5249,0.0208,0.0116,0.0665,0.1339,0.0,0.0
60,2.0,1,0.0,0.0003,0.0002,0.6221,0.4566,0.3007,0.0002,0.0,0.0,0.044,0.0799,0.3097,0.2731,0.0154,0.3163,0.3521,0.0053,0.0343,0.0193,0.299,0.2555,0.0159,0.0106,0.0006,0.0004,0.0395,0.0003,0.0041,0.0013,0.0269,0.0017,0.0009,0.006,0.0016,0.0402,0.0173,0.0201,0.1348,0.0041,0.0003,0.0138,0.0083,0.0096,0.0395,0.2369,0.3963,0.041,0.0077,0.2206,0.48,0.0,0.0
65,2.17,1,0.0,0.0005,0.0007,0.4219,0.5295,0.2506,0.0002,0.0,0.0,0.0631,0.0556,0.2593,0.2284,0.0234,0.258,0.2568,0.0075,0.0362,0.0258,0.3239,0.2331,0.0114,0.0104,0.0005,0.0002,0.0259,0.0004,0.0029,0.002,0.0071,0.0016,0.0011,0.0082,0.0015,0.0194,0.0165,0.0232,0.0567,0.0137,0.0004,0.0122,0.0064,0.0122,0.0353,0.5396,0.5884,0.0211,0.012,0.2893,0.3884,0.0,0.0
70,2.34,1,0.0,0.0004,0.0007,0.4584,0.5921,0.2237,0.0002,0.0,0.0,0.0535,0.0537,0.3077,0.2556,0.0262,0.2144,0.2147,0.0101,0.0279,0.0223,0.2863,0.2608,0.0133,0.0121,0.0006,0.0002,0.032,0.0005,0.0033,0.0052,0.0141,0.0001,0.0001,0.0164,0.0014,0.0249,0.026,0.0203,0.0338,0.0302,0.001,0.0057,0.0164,0.0034,0.0197,0.4931,0.5258,0.0029,0.0025,0.3054,0.3684,0.0,0.0
75,2.5,1,0.0,0.0002,0.0002,0.5413,0.6607,0.3728,0.0002,0.0,0.0,0.0588,0.0354,0.2681,0.2297,0.0291,0.1854,0.1694,0.015,0.0312,0.028,0.2722,0.1515,0.0096,0.02,0.0006,0.0002,0.1089,0.0007,0.0138,0.0055,0.0133,0.0001,0.0,0.0282,0.0028,0.0181,0.0168,0.0219,0.0284,0.0265,0.0005,0.0022,0.0063,0.0015,0.0166,0.3823,0.3659,0.0175,0.0049,0.1923,0.2542,0.0,0.0
80,2.67,1,0.0,0.0006,0.0011,0.3463,0.5556,0.2269,0.0003,0.0,0.0,0.0375,0.0268,0.2957,0.2658,0.0302,0.2802,0.2265,0.007,0.0311,0.0236,0.2444,0.2127,0.0222,0.0292,0.0008,0.0005,0.2136,0.0016,0.0077,0.0033,0.0104,0.0001,0.0001,0.0432,0.0013,0.0876,0.0896,0.0147,0.0342,0.0255,0.0008,0.0028,0.0177,0.001,0.0135,0.6552,0.7504,0.0077,0.0066,0.2145,0.2586,0.0,0.0
85,2.84,1,0.0001,0.0894,0.0636,0.1638,0.1462,0.1178,0.0013,0.0,0.0,0.1342,0.251,0.9591,0.8156,0.9999,0.0006,0.0,0.997,0.0003,0.0039,0.3221,0.1892,0.0054,0.0188,0.0023,0.0003,0.0384,0.0079,0.0027,0.3505,0.1638,0.0001,0.0001,0.1487,0.009,0.0843,0.036,0.1501,0.1961,0.1295,0.0074,0.011,0.0193,0.0065,0.0611,0.7434,0.7099,0.0371,0.0589,0.5064,0.3353,0.0,0.0
90,3.0,1,0.0,0.0005,0.0098,0.2806,0.4132,0.0802,0.0005,0.0,0.0,0.1117,0.2362,0.3158,0.3034,0.0768,0.0648,0.0702,0.0947,0.0343,0.0291,0.4587,0.4036,0.0089,0.0035,0.0011,0.0004,0.148,0.001,0.0098,0.0005,0.0029,0.0444,0.0328,0.0047,0.0,0.0249,0.0229,0.0082,0.0101,0.0128,0.0296,0.0134,0.0069,0.0064,0.0192,0.4742,0.5569,0.2198,0.3432,0.2184,0.195,0.0,0.0
95,3.17,1,0.0,0.0004,0.0012,0.3908,0.5482,0.186,0.0001,0.0,0.0,0.088,0.1809,0.1219,0.1179,0.0116,0.2923,0.2902,0.0108,0.0735,0.0681,0.3425,0.3391,0.0067,0.0032,0.0002,0.0002,0.005,0.0002,0.0011,0.0007,0.0239,0.0002,0.0001,0.0023,0.0001,0.0021,0.0005,0.0095,0.0671,0.0125,0.026,0.0017,0.0014,0.0037,0.0294,0.2562,0.4455,0.0149,0.0095,0.0039,0.0039,0.0,0.0
100,3.34,1,0.0,0.0004,0.0007,0.4116,0.5159,0.2555,0.0003,0.0,0.0,0.0857,0.067,0.1983,0.1781,0.0283,0.1651,0.1597,0.0155,0.042,0.04,0.3612,0.1918,0.0101,0.0094,0.0006,0.0003,0.1512,0.0016,0.0066,0.0042,0.0077,0.0001,0.0001,0.0318,0.0009,0.0353,0.0323,0.0123,0.0268,0.0307,0.0009,0.0038,0.0103,0.0008,0.0196,0.473,0.6013,0.0037,0.0099,0.075,0.0864,0.0,0.0
105,3.5,1,0.0,0.0004,0.0007,0.3573,0.527,0.2732,0.0001,0.0,0.0,0.0948,0.1031,0.2866,0.2596,0.0076,0.3488,0.3866,0.0056,0.0312,0.0214,0.4087,0.2014,0.0091,0.0046,0.0005,0.0008,0.1354,0.0007,0.0122,0.0494,0.054,0.0,0.0,0.022,0.0013,0.0122,0.0116,0.0594,0.0889,0.0084,0.0021,0.0042,0.0169,0.0005,0.0144,0.0097,0.0177,0.0003,0.0014,0.0049,0.0061,0.0,0.0
110,3.67,1,0.0,0.0001,0.0009,0.3109,0.7835,0.1981,0.0001,0.0,0.0,0.0764,0.0985,0.3804,0.3212,0.0158,0.1923,0.191,0.0197,0.0242,0.0154,0.2849,0.1695,0.0119,0.0052,0.0004,0.0004,0.0204,0.0002,0.0031,0.0146,0.0929,0.0,0.0,0.0089,0.0006,0.0041,0.0021,0.0243,0.1377,0.0051,0.0059,0.0022,0.0087,0.0022,0.0354,0.0381,0.1094,0.0006,0.0021,0.0229,0.0471,0.0,0.0
115,3.84,1,0.0,0.0002,0.0004,0.4423,0.7595,0.3441,0.0,0.0,0.0,0.0581,0.0736,0.3714,0.3155,0.0343,0.1169,0.12,0.0316,0.0277,0.0157,0.3123,0.1316,0.0155,0.0072,0.0,0.0003,0.0059,0.0001,0.0034,0.0162,0.1108,0.0001,0.0001,0.0002,0.0004,0.0001,0.0,0.1092,0.3162,0.0011,0.0138,0.0136,0.0147,0.0946,0.0145,0.0098,0.024,0.0011,0.0036,0.0003,0.0005,0.0,0.0
120,4.0,1,0.0,0.0001,0.0002,0.5644,0.7242,0.3568,0.0,0.0,0.0,0.0752,0.0731,0.257,0.2197,0.0322,0.1301,0.1395,0.0209,0.0416,0.0272,0.4086,0.1726,0.0121,0.0064,0.0002,0.0003,0.0385,0.0004,0.007,0.0065,0.0172,0.0,0.0,0.0065,0.0003,0.0034,0.0029,0.0203,0.0505,0.0098,0.0101,0.0021,0.0085,0.0009,0.009,0.0042,0.0095,0.0005,0.0028,0.0022,0.0031,0.0,0.0
125,4.17,1,0.0,0.0004,0.0008,0.4801,0.4369,0.4402,0.0,0.0,0.0,0.524,0.6515,0.6495,0.6062,0.0449,0.2348,0.1987,0.0185,0.013,0.0062,0.7301,0.3359,0.0008,0.0003,0.0003,0.0002,0.0091,0.0023,0.0004,0.0016,0.0082,0.0007,0.0005,0.0046,0.0016,0.0077,0.0065,0.0221,0.0365,0.0174,0.0005,0.0051,0.0021,0.0022,0.0231,0.0054,0.0075,0.0046,0.0107,0.0008,0.0008,0.0,0.0
130,4.34,0,,,,,,,,,,,,,,,,,,,,,,,,,,,,,,,,,,,,,,,,,,,,,,,,,,,,
135,4.5,0,,,,,,,,,,,,,,,,,,,,,,,,,,,,,,,,,,,,,,,,,,,,,,,,,,,,
140,4.67,0,,,,,,,,,,,,,,,,,,,,,,,,,,,,,,,,,,,,,,,,,,,,,,,,,,,,
145,4.84,0,,,,,,,,,,,,,,,,,,,,,,,,,,,,,,,,,,,,,,,,,,,,,,,,,,,,
150,5.0,0,,,,,,,,,,,,,,,,,,,,,,,,,,,,,,,,,,,,,,,,,,,,,,,,,,,,
155,5.17,1,0.0,0.0,0.0,0.9179,0.9082,0.8466,0.0001,0.0,0.0,0.1044,0.1906,0.3416,0.373,0.0012,0.814,0.8205,0.0013,0.032,0.016,0.3084,0.1364,0.0123,0.0047,0.0008,0.0,0.0028,0.0044,0.0001,0.0056,0.0081,0.0007,0.0006,0.0021,0.0004,0.0075,0.0129,0.1373,0.0647,0.0142,0.0037,0.0048,0.0031,0.0026,0.0146,0.0068,0.0061,0.0055,0.0184,0.0005,0.0004,0.0,0.0
160,5.34,1,0.0,0.0,0.0002,0.6228,0.8239,0.6121,0.0,0.0,0.0,0.0991,0.2502,0.5252,0.4869,0.0023,0.686,0.6943,0.0022,0.0183,0.0056,0.3355,0.0846,0.0107,0.0026,0.0002,0.0004,0.015,0.0018,0.0013,0.0037,0.0323,0.0,0.0,0.003,0.0003,0.0024,0.0022,0.0556,0.0555,0.0243,0.0183,0.0103,0.0176,0.0032,0.0091,0.001,0.0014,0.0004,0.0006,0.0002,0.0002,0.0,0.0
165,5.5,1,0.0,0.0001,0.0003,0.5706,0.6954,0.5559,0.0002,0.0,0.0,0.0906,0.0836,0.5744,0.5183,0.0032,0.6622,0.6544,0.0019,0.0114,0.0055,0.1944,0.0949,0.0127,0.0103,0.0008,0.0002,0.0182,0.0012,0.0008,0.0169,0.0026,0.0006,0.0006,0.0111,0.0043,0.0158,0.0252,0.075,0.0375,0.014,0.0002,0.0091,0.0058,0.0054,0.0442,0.5838,0.4897,0.0147,0.0478,0.2335,0.1753,0.0,0.0
170,5.67,1,0.0,0.0004,0.0004,0.5601,0.5492,0.4543,0.0,0.0,0.0,0.2128,0.1868,0.7203,0.6867,0.0065,0.4647,0.4524,0.0067,0.0064,0.0025,0.2139,0.0491,0.0054,0.005,0.0,0.0003,0.0012,0.0001,0.0006,0.0195,0.0008,0.003,0.0076,0.0009,0.0181,0.0,0.0,0.034,0.0127,0.0375,0.0003,0.0046,0.0004,0.863,0.6208,0.0164,0.0155,0.0021,0.0751,0.0984,0.0324,0.0,0.0
175,5.84,1,0.0003,0.147,0.0816,0.3928,0.1678,0.4674,0.0004,0.0001,0.0001,0.0254,0.0195,0.943,0.9544,0.9999,0.0,0.0,0.9998,0.0012,0.0013,0.0116,0.0192,0.0406,0.2553,0.0003,0.0001,0.0011,0.0072,0.0003,0.5409,0.1812,0.0093,0.009,0.3767,0.0015,0.0257,0.005,0.7355,0.5645,0.4274,0.3072,0.0824,0.0103,0.266,0.2353,0.0866,0.1037,0.0217,0.1234,0.2754,0.2573,0.0,0.0
180,6.01,0,,,,,,,,,,,,,,,,,,,,,,,,,,,,,,,,,,,,,,,,,,,,,,,,,,,,
185,6.17,0,,,,,,,,,,,,,,,,,,,,,,,,,,,,,,,,,,,,,,,,,,,,,,,,,,,,
190,6.34,0,,,,,,,,,,,,,,,,,,,,,,,,,,,,,,,,,,,,,,,,,,,,,,,,,,,,
195,6.51,0,,,,,,,,,,,,,,,,,,,,,,,,,,,,,,,,,,,,,,,,,,,,,,,,,,,,
200,6.67,0,,,,,,,,,,,,,,,,,,,,,,,,,,,,,,,,,,,,,,,,,,,,,,,,,,,,
205,6.84,0,,,,,,,,,,,,,,,,,,,,,,,,,,,,,,,,,,,,,,,,,,,,,,,,,,,,
210,7.01,0,,,,,,,,,,,,,,,,,,,,,,,,,,,,,,,,,,,,,,,,,,,,,,,,,,,,
215,7.17,0,,,,,,,,,,,,,,,,,,,,,,,,,,,,,,,,,,,,,,,,,,,,,,,,,,,,
220,7.34,0,,,,,,,,,,,,,,,,,,,,,,,,,,,,,,,,,,,,,,,,,,,,,,,,,,,,
225,7.51,0,,,,,,,,,,,,,,,,,,,,,,,,,,,,,,,,,,,,,,,,,,,,,,,,,,,,
230,7.67,0,,,,,,,,,,,,,,,,,,,,,,,,,,,,,,,,,,,,,,,,,,,,,,,,,,,,
235,7.84,1,0.0,0.0031,0.0005,0.4566,0.1967,0.1845,0.0,0.0,0.0,0.1617,0.0606,0.5299,0.5183,0.0331,0.1265,0.1248,0.0367,0.0131,0.0096,0.3162,0.2073,0.0058,0.0077,0.0003,0.0009,0.0207,0.0001,0.0042,0.0067,0.0064,0.0002,0.0003,0.0014,0.0007,0.0051,0.0042,0.0195,0.0418,0.0062,0.0006,0.0062,0.004,0.0011,0.0027,0.004,0.0065,0.0011,0.0068,0.0007,0.0008,0.0,0.0
240,8.01,1,0.0,0.0005,0.0005,0.5245,0.3731,0.1412,0.0001,0.0,0.0,0.1496,0.1844,0.4169,0.3707,0.0115,0.3842,0.4103,0.0036,0.0244,0.015,0.3733,0.2591,0.0065,0.0034,0.0008,0.0004,0.0177,0.0002,0.0005,0.0259,0.0258,0.0003,0.0003,0.0038,0.0003,0.0305,0.0364,0.0865,0.0928,0.0015,0.0015,0.0035,0.0061,0.0012,0.0171,0.065,0.0647,0.0051,0.0048,0.0279,0.0328,0.0,0.0
245,8.17,1,0.0,0.0005,0.0004,0.4607,0.5294,0.1509,0.0001,0.0,0.0,0.1801,0.1315,0.4575,0.4293,0.0126,0.3485,0.361,0.0048,0.0159,0.0126,0.2832,0.2318,0.005,0.005,0.0009,0.0003,0.0179,0.0003,0.0008,0.0116,0.0116,0.0008,0.0008,0.0051,0.0004,0.023,0.0216,0.0568,0.0924,0.0027,0.001,0.005,0.005,0.0027,0.0243,0.2985,0.3259,0.0138,0.0299,0.0654,0.0794,0.0,0.0
250,8.34,1,0.0,0.0003,0.0002,0.6025,0.5962,0.2314,0.0005,0.0,0.0,0.0827,0.06,0.246,0.2349,0.0316,0.185,0.1644,0.0185,0.0539,0.0401,0.3521,0.2378,0.0144,0.0145,0.0022,0.0001,0.0808,0.003,0.0022,0.0051,0.0033,0.002,0.0018,0.0076,0.0006,0.1974,0.2529,0.0148,0.0222,0.0048,0.0002,0.0083,0.0213,0.0014,0.0062,0.5055,0.5548,0.0304,0.038,0.2904,0.4625,0.0,0.0
255,8.51,1,0.0,0.0002,0.0009,0.4279,0.5966,0.0907,0.0005,0.0,0.0,0.1091,0.1437,0.2792,0.2612,0.0562,0.1071,0.083,0.0388,0.0416,0.0327,0.3683,0.3253,0.0084,0.0052,0.0019,0.0004,0.1443,0.0012,0.0042,0.0028,0.0079,0.0021,0.0015,0.0115,0.0002,0.1304,0.1372,0.0149,0.0337,0.0041,0.0008,0.0061,0.0145,0.0012,0.0115,0.4163,0.4942,0.0636,0.0403,0.261,0.4099,0.0,0.0
260,8.67,1,0.0,0.0005,0.0025,0.296,0.4696,0.0732,0.0004,0.0,0.0,0.1259,0.1613,0.275,0.2509,0.0458,0.0897,0.0774,0.0475,0.0367,0.0309,0.3667,0.3491,0.0063,0.0031,0.0009,0.0003,0.0925,0.0007,0.0038,0.0093,0.0153,0.0014,0.0013,0.0024,0.0004,0.0306,0.0312,0.062,0.1532,0.0003,0.0005,0.0126,0.025,0.0026,0.0214,0.1935,0.3015,0.0131,0.0482,0.0806,0.1284,0.0,0.0
265,8.84,1,0.0,0.0019,0.0052,0.1781,0.3004,0.0773,0.0,0.0,0.0,0.0801,0.1685,0.2849,0.2541,0.0389,0.0897,0.0959,0.0403,0.0398,0.0215,0.4305,0.2091,0.0119,0.0021,0.0,0.0003,0.0052,0.0001,0.0024,0.0037,0.0207,0.0002,0.0002,0.0004,0.0011,0.0002,0.0001,0.0292,0.1901,0.0035,0.0015,0.0118,0.0059,0.0348,0.0091,0.0017,0.0052,0.0004,0.0046,0.0002,0.0006,0.0,0.0
270,9.01,1,0.0,0.0044,0.0082,0.2084,0.126,0.029,0.0001,0.0,0.0,0.4134,0.5421,0.3905,0.5524,0.0492,0.3238,0.1283,0.006,0.0391,0.0066,0.5106,0.4348,0.0015,0.0003,0.0004,0.0008,0.0152,0.0001,0.002,0.0034,0.0243,0.0015,0.0008,0.0071,0.0008,0.0089,0.0094,0.0191,0.0379,0.0091,0.0005,0.0077,0.0071,0.0061,0.0283,0.5448,0.6663,0.0182,0.0076,0.0293,0.1651,0.0,0.0
275,9.17,1,0.0,0.0069,0.0065,0.2461,0.1057,0.0644,0.0,0.0,0.0,0.1211,0.1219,0.3733,0.3313,0.0172,0.168,0.1685,0.0314,0.0297,0.0145,0.4587,0.1869,0.0066,0.0041,0.0,0.001,0.005,0.0,0.0017,0.0379,0.2272,0.0001,0.0001,0.0001,0.0019,0.0,0.0,0.2901,0.264,0.0009,0.0024,0.022,0.0112,0.5157,0.0539,0.0432,0.0476,0.0037,0.0005,0.0004,0.001,0.0,0.0
280,9.34,1,0.0,0.0083,0.0051,0.2453,0.1222,0.0689,0.0,0.0,0.0,0.144,0.0532,0.2942,0.2895,0.017,0.2194,0.2282,0.0176,0.0303,0.0258,0.4106,0.2001,0.0053,0.0105,0.0,0.0012,0.003,0.0001,0.0017,0.0027,0.0164,0.0,0.0,0.0026,0.0072,0.0,0.0,0.0061,0.008,0.4012,0.0025,0.0023,0.005,0.0239,0.012,0.0002,0.0002,0.0002,0.0001,0.0001,0.0002,0.0,0.0
285,9.51,1,0.0,0.0021,0.0021,0.2349,0.2554,0.1121,0.0001,0.0,0.0,0.1121,0.0328,0.1613,0.1523,0.0231,0.206,0.2283,0.0095,0.0482,0.0522,0.349,0.2123,0.0037,0.0166,0.0004,0.0045,0.247,0.0002,0.0157,0.0081,0.0156,0.0005,0.0005,0.0081,0.0019,0.016,0.0126,0.0462,0.0882,0.0019,0.0001,0.0067,0.0076,0.0016,0.026,0.123,0.1729,0.0126,0.016,0.0101,0.0168,0.0,0.0
290,9.68,1,0.0,0.0062,0.0091,0.0778,0.235,0.0801,0.0002,0.0,0.0,0.0649,0.0849,0.1673,0.17,0.0079,0.3048,0.297,0.0118,0.0469,0.0397,0.3313,0.3507,0.0091,0.0075,0.0004,0.0014,0.1377,0.0004,0.0089,0.0106,0.0209,0.0,0.0,0.0191,0.0033,0.0129,0.0087,0.0367,0.0766,0.0067,0.0003,0.0071,0.0199,0.0012,0.0386,0.3035,0.3993,0.0033,0.0046,0.0171,0.0354,0.0,0.0
295,9.84,1,0.0,0.0137,0.0143,0.0277,0.1465,0.0909,0.0003,0.0,0.0,0.0584,0.0649,0.0707,0.0764,0.0291,0.1248,0.1227,0.0386,0.127,0.1048,0.4129,0.2658,0.0139,0.0083,0.0005,0.0002,0.034,0.0005,0.0018,0.0055,0.0046,0.0,0.0,0.0285,0.0014,0.0236,0.0305,0.0127,0.0169,0.0464,0.0007,0.0027,0.0153,0.0011,0.0151,0.6028,0.6561,0.0011,0.0036,0.1598,0.1978,0.0,0.0
300,10.01,1,0.0,0.0196,0.0178,0.0255,0.0998,0.0628,0.0003,0.0,0.0,0.0538,0.0575,0.0465,0.0453,0.0209,0.1628,0.1618,0.0226,0.174,0.1675,0.4292,0.3175,0.0103,0.0084,0.0007,0.001,0.1393,0.0004,0.0062,0.013,0.0094,0.0,0.0,0.0288,0.0005,0.0246,0.0294,0.0212,0.0203,0.0136,0.0014,0.0029,0.0264,0.0004,0.0165,0.4267,0.4906,0.0027,0.0085,0.0364,0.0613,0.0,0.0
305,10.18,1,0.0,0.0087,0.0033,0.1067,0.1442,0.1437,0.0002,0.0,0.0,0.5075,0.511,0.3953,0.5142,0.0631,0.4415,0.1268,0.0039,0.0214,0.011,0.5018,0.3935,0.0005,0.0006,0.0006,0.0108,0.2015,0.0002,0.0141,0.0293,0.0242,0.0001,0.0001,0.013,0.0006,0.0143,0.0222,0.1146,0.0587,0.0026,0.0011,0.0076,0.0512,0.0006,0.0147,0.273,0.2234,0.0065,0.0101,0.0026,0.0042,0.0,0.0
310,10.34,1,0.0,0.0159,0.0094,0.0812,0.0831,0.0943,0.0,0.0,0.0,0.1035,0.148,0.1156,0.1379,0.0041,0.4797,0.4913,0.0036,0.064,0.0549,0.416,0.3212,0.0041,0.0033,0.0001,0.0076,0.0692,0.0002,0.0072,0.0024,0.0031,0.0007,0.0008,0.005,0.0012,0.0026,0.0028,0.0209,0.0222,0.0165,0.0006,0.0399,0.0356,0.0052,0.0175,0.0001,0.0001,0.0005,0.0016,0.0001,0.0001,0.0,0.0
315,10.51,1,0.0,0.024,0.0216,0.0409,0.1017,0.074,0.0,0.0,0.0,0.063,0.1168,0.0865,0.1053,0.0041,0.3928,0.382,0.0079,0.0755,0.0686,0.396,0.2979,0.0073,0.0042,0.0,0.003,0.081,0.0004,0.0134,0.0014,0.0029,0.0001,0.0001,0.0036,0.001,0.0008,0.0009,0.0153,0.0117,0.0883,0.002,0.0697,0.0726,0.0098,0.0089,0.0,0.0,0.0002,0.0003,0.0,0.0,0.0,0.0
320,10.68,1,0.0,0.0371,0.0413,0.0085,0.1466,0.0776,0.0,0.0,0.0,0.0754,0.1284,0.1395,0.1537,0.0037,0.4151,0.3974,0.0081,0.0466,0.0381,0.2752,0.2747,0.007,0.0036,0.0,0.003,0.0242,0.0001,0.0143,0.0011,0.0152,0.0001,0.0001,0.0007,0.0011,0.0001,0.0001,0.039,0.0418,0.0484,0.0038,0.059,0.0143,0.0541,0.0056,0.0001,0.0001,0.0007,0.0002,0.0,0.0,0.0,0.0
325,10.84,1,0.0,0.0143,0.0129,0.0493,0.1913,0.0896,0.0,0.0,0.0,0.1889,0.3551,0.4575,0.4304,0.0043,0.4954,0.5256,0.0035,0.0163,0.0102,0.3971,0.3356,0.0025,0.0009,0.0002,0.0053,0.0659,0.0001,0.0109,0.0019,0.0047,0.0004,0.0002,0.003,0.0038,0.0027,0.002,0.016,0.014,0.0064,0.0001,0.0028,0.0059,0.0003,0.0046,0.0227,0.0169,0.0328,0.0036,0.0004,0.0005,0.0,0.0
330,11.01,1,0.0,0.0178,0.0233,0.0297,0.1664,0.064,0.0001,0.0,0.0,0.1744,0.2759,0.384,0.3484,0.0028,0.4866,0.4685,0.0056,0.0184,0.012,0.3673,0.283,0.003,0.0012,0.0003,0.0011,0.0486,0.0002,0.0067,0.0159,0.0234,0.0,0.0,0.0033,0.0014,0.0036,0.004,0.167,0.1035,0.0025,0.0007,0.008,0.017,0.0011,0.0114,0.1169,0.0996,0.0056,0.0023,0.0027,0.0037,0.0,0.0
335,11.18,1,0.0,0.0071,0.0098,0.1119,0.2011,0.0906,0.0002,0.0,0.0,0.0983,0.1762,0.2431,0.2373,0.0052,0.3773,0.3719,0.0069,0.0282,0.0221,0.3496,0.286,0.0055,0.003,0.0004,0.0006,0.1374,0.0007,0.0077,0.009,0.0175,0.0,0.0,0.01,0.0013,0.0155,0.0125,0.0731,0.0788,0.0029,0.0005,0.0056,0.0235,0.0007,0.0223,0.2908,0.2918,0.012,0.0043,0.0151,0.0283,0.0,0.0
340,11.34,1,0.0,0.0006,0.0011,0.37,0.4149,0.2296,0.0002,0.0,0.0,0.5664,0.6302,0.6923,0.6277,0.0165,0.2974,0.3243,0.0062,0.0066,0.0038,0.5081,0.3151,0.0006,0.0002,0.0004,0.0011,0.11,0.0007,0.0059,0.0061,0.0258,0.0002,0.0001,0.0091,0.0008,0.0194,0.0196,0.1048,0.1244,0.0022,0.0012,0.008,0.0177,0.0018,0.0331,0.0731,0.0853,0.0092,0.0042,0.0181,0.033,0.0,0.0
345,11.51,1,0.0,0.0002,0.0003,0.5334,0.7002,0.4283,0.0002,0.0,0.0,0.1999,0.2514,0.5702,0.5003,0.0082,0.3139,0.2999,0.0105,0.0098,0.0054,0.3944,0.2608,0.0031,0.002,0.0006,0.0007,0.0579,0.0005,0.0033,0.0055,0.0152,0.0001,0.0001,0.0122,0.0011,0.0143,0.012,0.061,0.0799,0.0044,0.001,0.0044,0.0156,0.0017,0.0368,0.3429,0.383,0.0164,0.0103,0.0399,0.0664,0.0,0.0
350,11.68,1,0.0,0.0001,0.0003,0.5333,0.8313,0.4921,0.0003,0.0,0.0,0.0577,0.0706,0.3556,0.3397,0.0035,0.6125,0.6044,0.0029,0.026,0.0139,0.2972,0.1171,0.017,0.0122,0.0007,0.0003,0.1239,0.0037,0.0044,0.002,0.0048,0.0001,0.0001,0.0227,0.002,0.0341,0.0324,0.0256,0.0254,0.0155,0.0006,0.0023,0.0167,0.0006,0.0139,0.7766,0.7536,0.0332,0.0074,0.0232,0.0232,0.0,0.0
355,11.84,1,0.0,0.0001,0.0002,0.7039,0.8391,0.5967,0.0002,0.0,0.0,0.0221,0.04,0.3971,0.3742,0.0017,0.7021,0.6872,0.0026,0.0217,0.0107,0.139,0.0767,0.0374,0.019,0.001,0.0002,0.0131,0.0038,0.0005,0.0111,0.0086,0.0,0.0,0.0116,0.0028,0.0152,0.0238,0.043,0.0253,0.0228,0.0005,0.0015,0.0048,0.0004,0.0147,0.4524,0.4088,0.0101,0.0109,0.0039,0.0034,0.0,0.0
360,12.01,1,0.0,0.0,0.0,0.914,0.9157,0.838,0.0,0.0,0.0,0.0162,0.0212,0.4008,0.3829,0.0015,0.7345,0.7167,0.0022,0.023,0.011,0.0684,0.0291,0.0533,0.0388,0.0001,0.0001,0.0026,0.0006,0.0003,0.0029,0.0025,0.003,0.0031,0.0014,0.0013,0.0007,0.0008,0.0072,0.0036,0.0963,0.001,0.0088,0.001,0.0127,0.0241,0.0007,0.0009,0.0019,0.0075,0.001,0.0014,0.0,0.0
365,12.18,1,0.0,0.0,0.0,0.9514,0.9586,0.8828,0.0,0.0,0.0,0.0903,0.2132,0.723,0.7187,0.0021,0.5882,0.6043,0.0103,0.0085,0.0023,0.2024,0.0693,0.0161,0.0066,0.0,0.0002,0.0053,0.0046,0.0018,0.002,0.0026,0.0001,0.0001,0.0136,0.0004,0.0002,0.0002,0.0012,0.0017,0.9416,0.0912,0.0224,0.0045,0.0765,0.0253,0.0,0.0,0.0,0.0033,0.0005,0.0003,0.0,0.0
370,12.34,1,0.0,0.0001,0.0001,0.7807,0.8057,0.6458,0.0,0.0,0.0,0.2278,0.2527,0.6709,0.6343,0.0021,0.6562,0.6562,0.0033,0.0079,0.0033,0.2878,0.13,0.005,0.0029,0.0001,0.0025,0.0193,0.0006,0.005,0.0087,0.0051,0.0,0.0,0.0139,0.0006,0.0007,0.0012,0.0176,0.0067,0.4316,0.0156,0.0205,0.0139,0.0064,0.0071,0.0001,0.0001,0.0001,0.0009,0.0002,0.0001,0.0,0.0
375,12.51,1,0.0,0.0017,0.0041,0.165,0.5616,0.2184,0.0,0.0,0.0,0.069,0.0686,0.34,0.3161,0.0022,0.5712,0.5719,0.0041,0.0225,0.0143,0.2198,0.059,0.0141,0.0074,0.0,0.0004,0.0031,0.0003,0.0009,0.0018,0.0065,0.0,0.0,0.0026,0.0008,0.0001,0.0001,0.0165,0.0122,0.2896,0.0139,0.0052,0.0029,0.0149,0.0092,0.0001,0.0002,0.0002,0.0003,0.0001,0.0001,0.0,0.0
380,12.68,1,0.0,0.0124,0.0189,0.0329,0.1983,0.0629,0.0003,0.0,0.0,0.0581,0.0693,0.1831,0.1909,0.0037,0.4512,0.4454,0.0045,0.0413,0.0296,0.4097,0.1709,0.0129,0.0076,0.0006,0.0006,0.3167,0.0027,0.0043,0.0093,0.0054,0.0033,0.0024,0.0056,0.0005,0.0482,0.0537,0.0944,0.0449,0.0007,0.0003,0.0053,0.009,0.0018,0.0439,0.0859,0.0795,0.0353,0.0093,0.0469,0.076,0.0,0.0
385,12.84,1,0.0,0.0173,0.0187,0.0192,0.189,0.0823,0.0,0.0,0.0,0.0716,0.1125,0.2498,0.2632,0.0032,0.433,0.4554,0.0071,0.0375,0.0213,0.4271,0.1791,0.0139,0.0038,0.0002,0.0001,0.0521,0.0014,0.0055,0.0677,0.041,0.0,0.0,0.0192,0.0006,0.0027,0.0061,0.0108,0.019,0.1873,0.0074,0.0091,0.0433,0.0007,0.0053,0.0002,0.0007,0.0,0.0039,0.0019,0.0045,0.0,0.0
390,13.01,1,0.0,0.027,0.0295,0.0214,0.1878,0.0634,0.0,0.0,0.0,0.0733,0.1301,0.1953,0.221,0.0027,0.4468,0.439,0.0096,0.0441,0.0268,0.4086,0.2354,0.0112,0.0039,0.0,0.0005,0.0322,0.0008,0.0144,0.0023,0.0131,0.0,0.0,0.004,0.0005,0.0002,0.0001,0.0076,0.0153,0.4191,0.0247,0.0407,0.0735,0.0071,0.0021,0.0,0.0,0.0,0.0003,0.0,0.0,0.0,0.0
395,13.18,1,0.0,0.0371,0.0436,0.0171,0.059,0.0334,0.0001,0.0,0.0,0.1408,0.226,0.1855,0.1899,0.009,0.2592,0.261,0.0133,0.0521,0.0352,0.5043,0.3122,0.0041,0.0015,0.0005,0.0002,0.0529,0.0005,0.0036,0.0221,0.036,0.0,0.0,0.0072,0.0002,0.0087,0.0096,0.0727,0.1038,0.0018,0.0042,0.004,0.015,0.0008,0.0167,0.0524,0.1041,0.0016,0.0098,0.0066,0.0147,0.0,0.0
400,13.35,1,0.0,0.047,0.0653,0.0111,0.0555,0.0234,0.0001,0.0,0.0,0.0668,0.1085,0.0534,0.0587,0.0103,0.2219,0.2219,0.022,0.1626,0.133,0.5535,0.3555,0.0087,0.0041,0.0003,0.0001,0.0092,0.0003,0.0019,0.0155,0.1453,0.0,0.0,0.0014,0.0001,0.0015,0.0009,0.0995,0.2051,0.0015,0.022,0.0042,0.0152,0.0013,0.0043,0.0504,0.1216,0.002,0.0032,0.0001,0.0004,0.0,0.0
405,13.51,1,0.0,0.0547,0.0618,0.0109,0.0506,0.0236,0.0001,0.0,0.0,0.0636,0.1214,0.0743,0.088,0.0102,0.2134,0.2165,0.0222,0.1231,0.0905,0.5353,0.3241,0.0108,0.0038,0.0004,0.0002,0.0175,0.0005,0.0014,0.0154,0.0305,0.0,0.0,0.0184,0.0003,0.0041,0.0036,0.0267,0.0254,0.0239,0.0084,0.0009,0.0134,0.0003,0.0072,0.2651,0.3385,0.0008,0.0012,0.0017,0.0037,0.0,0.0
410,13.68,1,0.0,0.0454,0.0586,0.0133,0.0536,0.0211,0.0002,0.0,0.0,0.0691,0.145,0.0583,0.0736,0.014,0.1708,0.1783,0.0258,0.1543,0.1052,0.5316,0.3294,0.0108,0.0029,0.0004,0.0004,0.0716,0.0006,0.0053,0.0149,0.0252,0.0,0.0,0.0212,0.0003,0.0083,0.007,0.0228,0.03,0.0144,0.0047,0.002,0.0274,0.0003,0.0103,0.3445,0.5039,0.001,0.0032,0.0035,0.0078,0.0,0.0
415,13.85,1,0.0,0.0205,0.0295,0.0256,0.089,0.044,0.0,0.0,0.0,0.0648,0.1115,0.0341,0.0473,0.0275,0.1002,0.1174,0.0363,0.2017,0.1645,0.541,0.2744,0.0111,0.003,0.0002,0.0007,0.0752,0.0006,0.015,0.0081,0.1052,0.0,0.0,0.0118,0.0007,0.007,0.0033,0.0151,0.1774,0.0197,0.0051,0.0092,0.0631,0.0007,0.0048,0.0005,0.0027,0.0,0.0006,0.0001,0.0004,0.0,0.0
420,14.01,1,0.0,0.0017,0.002,0.1846,0.2534,0.1047,0.0,0.0,0.0,0.2515,0.3503,0.1531,0.2586,0.0554,0.1884,0.1204,0.0102,0.0768,0.0275,0.5936,0.3195,0.0026,0.0006,0.0002,0.0024,0.1282,0.0003,0.019,0.0049,0.1161,0.0,0.0,0.0103,0.0006,0.0099,0.0051,0.0073,0.1036,0.011,0.0028,0.0071,0.0457,0.0006,0.0062,0.0009,0.0036,0.0001,0.0006,0.0005,0.0014,0.0,0.0
425,14.18,1,0.0,0.0002,0.0005,0.4384,0.6816,0.2416,0.0,0.0,0.0,0.0963,0.1082,0.1617,0.1589,0.0645,0.0686,0.0681,0.0548,0.0589,0.0496,0.376,0.2579,0.008,0.0042,0.0002,0.0016,0.0321,0.0001,0.0068,0.0178,0.1062,0.0,0.0,0.0066,0.0008,0.0028,0.0015,0.0181,0.128,0.0126,0.0068,0.0048,0.0348,0.001,0.0067,0.0013,0.0044,0.0001,0.0007,0.0003,0.0006,0.0,0.0
430,14.35,1,0.0,0.0001,0.0001,0.6274,0.7815,0.5594,0.0,0.0,0.0,0.0402,0.0306,0.2264,0.2205,0.0269,0.1673,0.1713,0.0196,0.0445,0.0339,0.2081,0.0913,0.0238,0.0203,0.0,0.0017,0.0341,0.0004,0.0101,0.0029,0.0112,0.0,0.0,0.0029,0.0014,0.0006,0.0003,0.0068,0.0298,0.2563,0.0119,0.0492,0.1175,0.0103,0.0048,0.0,0.0,0.0,0.0003,0.0,0.0,0.0,0.0
435,14.51,1,0.0,0.0,0.0,0.7333,0.9108,0.8625,0.0001,0.0,0.0,0.0224,0.0155,0.2205,0.2125,0.0279,0.167,0.161,0.016,0.0437,0.0339,0.1736,0.0578,0.0286,0.0372,0.0004,0.0005,0.0437,0.0004,0.0031,0.0276,0.0101,0.0,0.0,0.0197,0.0008,0.009,0.0116,0.0439,0.0285,0.0129,0.0033,0.0013,0.0055,0.0009,0.0312,0.0428,0.0464,0.0015,0.0059,0.0361,0.0307,0.0,0.0
440,14.68,1,0.0,0.0,0.0,0.8291,0.8958,0.9007,0.0,0.0,0.0,0.1812,0.1013,0.3778,0.3695,0.0281,0.1731,0.1744,0.0173,0.0232,0.0176,0.34,0.1737,0.0046,0.0073,0.0,0.002,0.0301,0.0002,0.013,0.0086,0.0071,0.0,0.0001,0.0014,0.0025,0.0004,0.0004,0.02,0.0255,0.0769,0.002,0.0465,0.056,0.0146,0.0034,0.0001,0.0001,0.0001,0.0008,0.0,0.0,0.0,0.0
445,14.85,1,0.0,0.0001,0.0,0.6674,0.8527,0.7447,0.0,0.0,0.0,0.1157,0.0687,0.2058,0.2031,0.0546,0.0837,0.0782,0.0492,0.0513,0.0429,0.3498,0.1683,0.0081,0.0088,0.0,0.0013,0.0293,0.0003,0.0111,0.0028,0.0086,0.0,0.0,0.0034,0.0017,0.0006,0.0004,0.0096,0.0302,0.1461,0.0041,0.0292,0.0381,0.0115,0.0068,0.0,0.0,0.0001,0.0003,0.0,0.0001,0.0,0.0
450,15.01,1,0.0,0.0,0.0,0.7566,0.8577,0.6959,0.0001,0.0,0.0,0.0448,0.0269,0.1796,0.1714,0.0489,0.0973,0.087,0.0316,0.0526,0.0468,0.2755,0.1192,0.0159,0.0202,0.0004,0.0015,0.2502,0.0005,0.0175,0.0127,0.0359,0.0,0.0,0.0091,0.0005,0.0158,0.0161,0.0248,0.0663,0.0037,0.0036,0.0024,0.0215,0.0007,0.0112,0.0118,0.0257,0.0006,0.003,0.0104,0.0134,0.0,0.0
455,15.18,1,0.0,0.0,0.0,0.6034,0.8367,0.6517,0.0001,0.0,0.0,0.1395,0.1259,0.2685,0.2489,0.0388,0.1155,0.1153,0.0291,0.0354,0.0303,0.271,0.2589,0.0059,0.0045,0.0004,0.0019,0.253,0.0006,0.0181,0.0142,0.0547,0.0,0.0,0.0103,0.0005,0.0176,0.0151,0.02,0.0893,0.0052,0.0047,0.0029,0.0341,0.0006,0.0081,0.0044,0.0109,0.0002,0.0018,0.0078,0.01,0.0,0.0
460,15.35,1,0.0,0.0001,0.0001,0.6885,0.6785,0.3936,0.0,0.0,0.0,0.0524,0.0484,0.2752,0.258,0.089,0.0526,0.0494,0.077,0.037,0.0273,0.2619,0.151,0.0195,0.0124,0.0001,0.0044,0.194,0.0008,0.0248,0.0039,0.016,0.0,0.0,0.0136,0.0013,0.0027,0.0021,0.0039,0.0133,0.2337,0.0071,0.0463,0.2162,0.004,0.0052,0.0,0.0,0.0,0.0001,0.0002,0.0002,0.0,0.0
465,15.51,1,0.0,0.001,0.0017,0.3217,0.4397,0.2061,0.0,0.0,0.0,0.077,0.0571,0.2784,0.2809,0.0822,0.0437,0.0615,0.1047,0.0352,0.023,0.3256,0.114,0.0158,0.0093,0.0,0.0085,0.0691,0.0003,0.0286,0.0022,0.01,0.0,0.0,0.0106,0.0104,0.0004,0.0001,0.0013,0.0099,0.8553,0.0024,0.1588,0.1633,0.0336,0.0083,0.0,0.0,0.0,0.0,0.0,0.0,0.0,0.0
470,15.68,1,0.0,0.0083,0.0098,0.1092,0.1523,0.0705,0.0009,0.0,0.0,0.5118,0.4155,0.5988,0.6124,0.0807,0.1432,0.0609,0.0296,0.0167,0.0044,0.514,0.4147,0.0018,0.0004,0.0017,0.0016,0.137,0.0003,0.0064,0.0033,0.0055,0.0045,0.0036,0.0044,0.0001,0.0972,0.1755,0.0246,0.0288,0.0033,0.0017,0.0181,0.0203,0.0039,0.0103,0.4327,0.4742,0.0362,0.0812,0.5822,0.693,0.0,0.0
475,15.85,1,0.0,0.0178,0.0215,0.0515,0.0837,0.036,0.0009,0.0,0.0,0.2209,0.2411,0.3064,0.281,0.2146,0.0271,0.0215,0.2077,0.0468,0.0303,0.5069,0.4414,0.0055,0.0013,0.0022,0.003,0.0951,0.0001,0.0056,0.0014,0.0113,0.0029,0.0018,0.0058,0.0001,0.12,0.1273,0.0133,0.0435,0.002,0.0041,0.0123,0.0468,0.0021,0.0073,0.5387,0.7007,0.0247,0.0473,0.4227,0.5557,0.0,0.0
480,16.01,1,0.0,0.0187,0.0185,0.0987,0.0819,0.0238,0.0001,0.0,0.0,0.3806,0.2333,0.3349,0.2889,0.2111,0.0208,0.0224,0.1733,0.0263,0.0207,0.3677,0.2322,0.0018,0.0009,0.0005,0.0012,0.0507,0.0001,0.0036,0.0045,0.0205,0.0005,0.0006,0.0036,0.0004,0.0118,0.0152,0.0339,0.1806,0.0007,0.0011,0.0106,0.0127,0.0052,0.0413,0.0273,0.0728,0.0017,0.0168,0.0884,0.2365,0.0,0.0
485,16.18,1,0.0,0.0092,0.0147,0.1139,0.1294,0.0267,0.0,0.0,0.0,0.1709,0.1568,0.236,0.224,0.2319,0.0174,0.0169,0.2137,0.0339,0.0329,0.3945,0.2705,0.0054,0.0019,0.0001,0.0031,0.1477,0.0004,0.0201,0.0016,0.0112,0.0,0.0,0.0359,0.0081,0.0044,0.0014,0.0046,0.2405,0.0566,0.0004,0.0092,0.0208,0.0045,0.0324,0.0001,0.0009,0.0,0.002,0.0009,0.0034,0.0,0.0
490,16.35,1,0.0,0.0036,0.0066,0.1183,0.2217,0.07,0.0,0.0,0.0,0.6893,0.6539,0.7336,0.7205,0.0533,0.1546,0.1332,0.0216,0.0057,0.0028,0.5628,0.4135,0.0008,0.0001,0.0,0.0068,0.0213,0.0001,0.0099,0.0035,0.0561,0.0,0.0,0.0095,0.0158,0.0004,0.0001,0.0027,0.0368,0.5983,0.0011,0.0182,0.032,0.0149,0.0067,0.0,0.0,0.0,0.0,0.0,0.0001,0.0,0.0
495,16.51,1,0.0,0.0113,0.008,0.1244,0.0714,0.0433,0.0,0.0,0.0,0.1663,0.4401,0.3195,0.3258,0.0276,0.1165,0.1294,0.03,0.0364,0.0155,0.4736,0.3795,0.0045,0.0003,0.0001,0.0027,0.1145,0.0002,0.013,0.0032,0.0327,0.0,0.0,0.0105,0.0007,0.0042,0.0021,0.0053,0.0314,0.0304,0.0036,0.011,0.069,0.0013,0.0107,0.0003,0.0005,0.0001,0.0002,0.0011,0.0018,0.0,0.0
500,16.68,1,0.0,0.013,0.0102,0.1068,0.0874,0.0569,0.0,0.0,0.0,0.1011,0.2177,0.2104,0.2437,0.0342,0.0937,0.1071,0.0397,0.0509,0.0261,0.3966,0.3933,0.0089,0.0013,0.0001,0.0046,0.0631,0.0002,0.0129,0.008,0.019,0.0,0.0,0.0202,0.0034,0.0012,0.0007,0.0051,0.0174,0.2308,0.0022,0.0184,0.1145,0.0015,0.0067,0.0,0.0001,0.0,0.0001,0.0001,0.0001,0.0,0.0
505,16.85,1,0.0,0.0027,0.0026,0.1976,0.271,0.1382,0.0001,0.0,0.0,0.7175,0.6544,0.8247,0.7966,0.0677,0.1638,0.0913,0.018,0.003,0.0014,0.6709,0.4435,0.0006,0.0001,0.0002,0.0046,0.0406,0.0001,0.0038,0.0207,0.0415,0.0,0.0,0.0131,0.0025,0.005,0.0049,0.0273,0.0591,0.0176,0.0015,0.0077,0.0184,0.0044,0.0346,0.0027,0.0036,0.0002,0.0006,0.0219,0.0269,0.0,0.0
510,17.02,1,0.0,0.0035,0.0036,0.1799,0.1884,0.0741,0.0001,0.0,0.0,0.1892,0.2099,0.3756,0.3339,0.0295,0.1283,0.1359,0.0245,0.0252,0.0157,0.4034,0.2576,0.0044,0.0014,0.0002,0.0014,0.0275,0.0,0.0037,0.0338,0.0618,0.0,0.0,0.0019,0.0009,0.0021,0.0018,0.1343,0.2325,0.0007,0.0017,0.0104,0.0262,0.0051,0.0196,0.0163,0.0221,0.0006,0.0015,0.0057,0.0077,0.0,0.0
515,17.18,1,0.0,0.0045,0.0056,0.1597,0.2122,0.0628,0.0001,0.0,0.0,0.1261,0.103,0.2827,0.2499,0.0245,0.1375,0.1328,0.029,0.0308,0.0238,0.3164,0.2047,0.0063,0.0041,0.0002,0.0006,0.0127,0.0,0.0027,0.0328,0.0754,0.0,0.0,0.0021,0.0011,0.0013,0.0008,0.1354,0.2017,0.0013,0.0018,0.0065,0.0113,0.0095,0.0378,0.0612,0.078,0.0014,0.001,0.0176,0.029,0.0,0.0
520,17.35,1,0.0,0.0101,0.0096,0.1307,0.1518,0.086,0.0006,0.0,0.0,0.7129,0.6484,0.7188,0.6966,0.0317,0.1911,0.1882,0.0137,0.0054,0.0039,0.5391,0.4859,0.0005,0.0002,0.0011,0.0012,0.1923,0.0014,0.0043,0.0086,0.0213,0.0002,0.0001,0.0201,0.0007,0.1798,0.2375,0.0238,0.0359,0.0123,0.0006,0.0073,0.0229,0.0013,0.0149,0.4124,0.4728,0.0054,0.0045,0.3183,0.476,0.0,0.0
525,17.52,1,0.0,0.022,0.0425,0.0456,0.1014,0.0288,0.0004,0.0,0.0,0.1427,0.2409,0.2972,0.2733,0.0098,0.3286,0.3521,0.0065,0.0361,0.0213,0.401,0.3187,0.0054,0.0019,0.0007,0.0016,0.199,0.0003,0.0096,0.006,0.0088,0.0006,0.0004,0.004,0.0006,0.0442,0.0568,0.0358,0.0604,0.0028,0.0004,0.0195,0.0389,0.0023,0.0103,0.5085,0.6208,0.013,0.0376,0.1226,0.2209,0.0,0.0
530,17.68,1,0.0,0.0119,0.018,0.0998,0.0888,0.0468,0.0001,0.0,0.0,0.1178,0.2107,0.2034,0.2118,0.0065,0.2896,0.3241,0.0091,0.0488,0.0237,0.3634,0.2139,0.0077,0.0017,0.0002,0.0014,0.1064,0.0003,0.0086,0.0216,0.111,0.0,0.0,0.0113,0.0008,0.0081,0.0049,0.0527,0.0952,0.0068,0.0039,0.0143,0.0417,0.0028,0.0323,0.0032,0.0057,0.0002,0.0001,0.0132,0.0233,0.0,0.0
535,17.85,1,0.0,0.0127,0.0111,0.0764,0.1144,0.0743,0.0,0.0,0.0,0.108,0.2009,0.1827,0.2363,0.0085,0.2572,0.2892,0.014,0.0568,0.0256,0.408,0.1753,0.0105,0.0022,0.0,0.0028,0.1236,0.0008,0.0352,0.0034,0.0183,0.0,0.0,0.0217,0.0015,0.0008,0.0005,0.0025,0.0053,0.6275,0.0126,0.0499,0.2971,0.0033,0.0051,0.0,0.0,0.0,0.0,0.0001,0.0001,0.0,0.0
540,18.02,1,0.0,0.0142,0.0126,0.0953,0.0723,0.0371,0.0,0.0,0.0,0.2523,0.3247,0.2637,0.2891,0.0167,0.2056,0.2298,0.017,0.044,0.0272,0.4679,0.2824,0.0039,0.0009,0.0001,0.0019,0.0705,0.0005,0.0219,0.0059,0.0085,0.0,0.0,0.0274,0.0015,0.0007,0.0007,0.0028,0.0046,0.4344,0.0053,0.0148,0.0902,0.0013,0.004,0.0,0.0,0.0,0.0001,0.0001,0.0001,0.0,0.0
545,18.18,1,0.0,0.0126,0.0163,0.1479,0.0796,0.0217,0.0002,0.0,0.0,0.1414,0.1575,0.1708,0.1764,0.0177,0.1697,0.1597,0.0276,0.0628,0.0446,0.4257,0.1924,0.0051,0.0026,0.0012,0.0009,0.1477,0.0003,0.0078,0.0445,0.0111,0.0,0.0001,0.0342,0.0011,0.0205,0.0646,0.0415,0.0425,0.006,0.0005,0.0041,0.008,0.0008,0.0213,0.0647,0.1126,0.0009,0.0357,0.0644,0.1063,0.0,0.0
550,18.35,1,0.0,0.0122,0.0113,0.1774,0.0736,0.0243,0.0001,0.0,0.0,0.0923,0.0762,0.2261,0.1987,0.0215,0.1724,0.1634,0.02,0.0402,0.0334,0.3458,0.2059,0.0069,0.0074,0.0003,0.0003,0.0092,0.0001,0.0014,0.007,0.0617,0.0002,0.0002,0.0035,0.0002,0.0048,0.0022,0.0569,0.1518,0.0024,0.0075,0.0036,0.0035,0.0088,0.0668,0.1774,0.2926,0.0053,0.0037,0.0493,0.1206,0.0,0.0
555,18.52,1,0.0,0.0167,0.014,0.0745,0.0706,0.0343,0.0,0.0,0.0,0.2119,0.2239,0.336,0.3272,0.0113,0.2543,0.2707,0.0153,0.0306,0.0174,0.4734,0.3036,0.0034,0.0015,0.0,0.0016,0.0156,0.0001,0.0087,0.01,0.139,0.0,0.0,0.0042,0.0092,0.0003,0.0001,0.0274,0.0947,0.0443,0.0006,0.0091,0.0202,0.0077,0.0082,0.0008,0.0013,0.0002,0.0,0.0001,0.0003,0.0,0.0
560,18.68,1,0.0,0.0088,0.0138,0.0388,0.1401,0.0342,0.0,0.0,0.0,0.3173,0.4608,0.5801,0.5346,0.0163,0.2272,0.2557,0.0151,0.0149,0.0076,0.3906,0.3275,0.0029,0.0004,0.0001,0.0037,0.1423,0.0003,0.0322,0.0066,0.1398,0.0,0.0,0.0368,0.0029,0.0034,0.0013,0.0057,0.0438,0.0941,0.0018,0.0098,0.0936,0.001,0.0108,0.0005,0.0012,0.0001,0.0,0.0017,0.0061,0.0,0.0
565,18.85,1,0.0,0.0114,0.0069,0.0926,0.116,0.0696,0.0001,0.0,0.0,0.1649,0.1744,0.5622,0.5321,0.0158,0.1912,0.1967,0.02,0.0119,0.007,0.2096,0.1935,0.0062,0.003,0.0003,0.0013,0.1202,0.0003,0.0076,0.0057,0.0275,0.0,0.0,0.0593,0.0004,0.0194,0.0115,0.0103,0.0341,0.0157,0.003,0.0044,0.0181,0.0007,0.0235,0.004,0.0087,0.0003,0.0004,0.0336,0.0721,0.0,0.0
570,19.02,1,0.0,0.006,0.0029,0.1741,0.1668,0.092,0.0,0.0,0.0,0.1845,0.1902,0.5142,0.4952,0.0177,0.1808,0.1942,0.0258,0.0147,0.0105,0.293,0.2464,0.0055,0.0033,0.0001,0.0012,0.0437,0.0004,0.0094,0.0271,0.0184,0.0,0.0,0.0912,0.0007,0.0016,0.0018,0.0177,0.0121,0.2621,0.0125,0.0114,0.0404,0.0017,0.0131,0.0004,0.0006,0.0,0.0001,0.0018,0.0018,0.0,0.0
575,19.18,1,0.0,0.0076,0.0024,0.2967,0.1054,0.0906,0.0001,0.0,0.0,0.1965,0.2335,0.4522,0.4247,0.0065,0.3323,0.3071,0.0131,0.0197,0.0123,0.3169,0.2118,0.0045,0.002,0.0003,0.0007,0.0567,0.0003,0.0061,0.0578,0.0257,0.0,0.0,0.0163,0.001,0.0046,0.0051,0.0946,0.1175,0.0052,0.0016,0.0148,0.0242,0.0053,0.0487,0.0126,0.0188,0.0001,0.0024,0.0468,0.0382,0.0,0.0
580,19.35,1,0.0,0.0032,0.0029,0.2375,0.1348,0.0591,0.0001,0.0,0.0,0.3961,0.4652,0.5769,0.5542,0.0124,0.3533,0.4025,0.0052,0.0132,0.0083,0.4342,0.4265,0.0015,0.0003,0.0002,0.0039,0.2003,0.0004,0.0168,0.0128,0.0457,0.0,0.0,0.0329,0.0012,0.0077,0.0068,0.0132,0.0242,0.0348,0.002,0.0094,0.0618,0.0009,0.01,0.001,0.0014,0.0001,0.0001,0.0049,0.0079,0.0,0.0
585,19.52,1,0.0,0.0259,0.0143,0.087,0.0537,0.0589,0.0,0.0,0.0,0.2187,0.2504,0.2355,0.2557,0.0073,0.3065,0.311,0.0109,0.0323,0.0254,0.3649,0.329,0.0021,0.0013,0.0001,0.002,0.0841,0.0002,0.0219,0.0059,0.0226,0.0,0.0,0.0069,0.0031,0.0011,0.0008,0.0227,0.0422,0.03,0.0011,0.0227,0.0783,0.0026,0.0091,0.0003,0.0005,0.0001,0.0001,0.0003,0.0005,0.0,0.0
590,19.68,1,0.0,0.0197,0.0216,0.0187,0.1081,0.0698,0.0,0.0,0.0,0.1474,0.2046,0.2046,0.2143,0.0094,0.2789,0.3087,0.0099,0.0394,0.03,0.3831,0.2909,0.0042,0.0019,0.0001,0.0011,0.0436,0.0003,0.0219,0.0131,0.0267,0.0,0.0,0.0097,0.0012,0.0005,0.0008,0.0316,0.0248,0.1674,0.0083,0.0122,0.0411,0.0016,0.0036,0.0001,0.0002,0.0,0.0002,0.0001,0.0001,0.0,0.0
595,19.85,1,0.0,0.0322,0.03,0.0178,0.0784,0.0453,0.0001,0.0,0.0,0.0748,0.0728,0.1523,0.1572,0.0084,0.2843,0.2963,0.0084,0.0504,0.0404,0.3352,0.1349,0.0087,0.0061,0.0002,0.0021,0.1561,0.0003,0.0074,0.0016,0.0151,0.0002,0.0001,0.0166,0.0006,0.0118,0.0068,0.0093,0.0392,0.0098,0.0011,0.006,0.0136,0.0018,0.0491,0.0013,0.0031,0.0006,0.0012,0.0092,0.0295,0.0,0.0
600,20.02,1,0.0,0.0324,0.0312,0.0351,0.0374,0.0216,0.0002,0.0,0.0,0.3721,0.4139,0.4049,0.3567,0.0339,0.1727,0.1686,0.0124,0.024,0.0157,0.5831,0.3297,0.0013,0.0004,0.0004,0.0011,0.0525,0.0001,0.0033,0.0071,0.0428,0.002,0.0014,0.0023,0.0003,0.0147,0.0159,0.137,0.2187,0.0004,0.0011,0.0175,0.0134,0.0102,0.063,0.0787,0.0965,0.0083,0.0059,0.0917,0.1738,0.0,0.0
605,20.18,1,0.0,0.0128,0.0173,0.0547,0.1218,0.0356,0.0,0.0,0.0,0.1705,0.1932,0.2948,0.2801,0.0238,0.1233,0.1384,0.0342,0.0321,0.0204,0.4402,0.2636,0.0043,0.0018,0.0001,0.0021,0.0291,0.0001,0.0138,0.0106,0.0866,0.0,0.0,0.0034,0.0017,0.0005,0.0003,0.0656,0.0946,0.0153,0.0036,0.0177,0.0261,0.0136,0.0224,0.0017,0.0021,0.0004,0.0001,0.0006,0.0015,0.0,0.0
610,20.35,1,0.0,0.0072,0.008,0.0698,0.2554,0.0795,0.0001,0.0,0.0,0.0879,0.1096,0.2234,0.2101,0.1205,0.0464,0.0312,0.0777,0.0428,0.0249,0.317,0.2105,0.0102,0.0025,0.0002,0.0032,0.0689,0.0,0.0062,0.0044,0.0414,0.0,0.0,0.0047,0.0003,0.0129,0.0093,0.0155,0.0836,0.0038,0.0037,0.0074,0.0189,0.0043,0.0253,0.0026,0.0068,0.0002,0.0016,0.0745,0.1548,0.0,0.0
615,20.52,1,0.0,0.0172,0.0311,0.0558,0.0826,0.0824,0.0003,0.0,0.0,0.6693,0.6594,0.816,0.7689,0.1341,0.07,0.0285,0.0655,0.0041,0.0015,0.569,0.474,0.0011,0.0001,0.0006,0.0018,0.0457,0.0001,0.0033,0.0226,0.0407,0.0003,0.0004,0.0034,0.0006,0.0424,0.0472,0.0209,0.0909,0.0021,0.0005,0.0206,0.0199,0.0064,0.029,0.0385,0.0921,0.0005,0.0131,0.38,0.6168,0.0,0.0
620,20.69,1,0.0,0.0114,0.006,0.1293,0.0941,0.0729,0.0002,0.0,0.0,0.2274,0.3216,0.5319,0.4736,0.0183,0.2052,0.2108,0.0151,0.0159,0.0083,0.363,0.3044,0.0033,0.0009,0.0004,0.0013,0.0918,0.0002,0.008,0.002,0.017,0.0012,0.001,0.0098,0.0005,0.024,0.012,0.0238,0.1261,0.0029,0.0006,0.0148,0.0117,0.0051,0.0505,0.2916,0.4842,0.0081,0.0193,0.1097,0.2202,0.0,0.0
625,20.85,1,0.0,0.0036,0.0024,0.192,0.2163,0.1036,0.0003,0.0,0.0,0.1185,0.1455,0.2359,0.2447,0.0106,0.283,0.2719,0.0116,0.0348,0.0298,0.2789,0.3008,0.0053,0.0045,0.0006,0.0007,0.2448,0.0008,0.0161,0.0068,0.0154,0.0002,0.0001,0.0134,0.0002,0.0242,0.0215,0.0429,0.0456,0.0032,0.0018,0.0054,0.0202,0.0011,0.0157,0.3486,0.3646,0.0096,0.0045,0.0807,0.1364,0.0,0.0
630,21.02,1,0.0,0.0001,0.0001,0.665,0.6566,0.3943,0.0011,0.0,0.0,0.0817,0.066,0.4167,0.4151,0.0123,0.2965,0.2874,0.0158,0.0248,0.0149,0.2756,0.1551,0.0156,0.016,0.0011,0.0159,0.4154,0.0012,0.0081,0.0031,0.0239,0.0058,0.0026,0.0164,0.0014,0.1662,0.1005,0.0121,0.0255,0.0044,0.0001,0.0236,0.0652,0.0048,0.02,0.5493,0.4169,0.2514,0.0019,0.0717,0.0975,0.0,0.0
635,21.19,1,0.0004,0.0694,0.0721,0.7426,0.2353,0.4304,0.0004,0.0,0.0001,0.1073,0.3277,0.7914,0.4287,0.9999,0.0004,0.0,0.9988,0.003,0.0524,0.0208,0.108,0.0062,0.0249,0.0011,0.0006,0.002,0.0027,0.0004,0.2887,0.3816,0.004,0.0027,0.3793,0.0057,0.0568,0.0106,0.4205,0.3978,0.495,0.0998,0.0894,0.0532,0.1029,0.0344,0.015,0.0229,0.0237,0.0858,0.1904,0.2302,0.0,0.0
640,21.35,1,0.0002,0.0243,0.1049,0.1628,0.4354,0.0809,0.0002,0.0,0.0,0.0382,0.0789,0.9586,0.8459,0.9999,0.0001,0.0,0.9993,0.0004,0.0037,0.0435,0.0739,0.0312,0.056,0.0002,0.0003,0.0057,0.0059,0.0047,0.0559,0.1354,0.0014,0.0013,0.0313,0.0055,0.0014,0.0002,0.0927,0.423,0.3668,0.07,0.042,0.0133,0.1351,0.2174,0.0157,0.0466,0.0226,0.1401,0.0231,0.0212,0.0,0.0
645,21.52,1,0.0,0.0,0.0001,0.7531,0.8482,0.4307,0.0001,0.0,0.0,0.0205,0.0127,0.7147,0.6737,0.0728,0.0707,0.0676,0.0695,0.0061,0.0031,0.1301,0.0489,0.0438,0.0516,0.0006,0.0047,0.201,0.0006,0.0034,0.0063,0.0062,0.0002,0.0003,0.017,0.0044,0.0441,0.0401,0.0263,0.0697,0.0035,0.0002,0.0071,0.0268,0.0015,0.0395,0.0051,0.0076,0.0017,0.0064,0.0365,0.0481,0.0,0.0
650,21.69,1,0.0,0.0,0.0001,0.6787,0.828,0.4863,0.0001,0.0,0.0,0.0427,0.0662,0.1557,0.1466,0.0621,0.0812,0.0681,0.0451,0.0585,0.0496,0.1873,0.1686,0.0141,0.0126,0.0003,0.0002,0.0178,0.0004,0.0013,0.0064,0.0406,0.0001,0.0001,0.0074,0.0002,0.0103,0.0047,0.0338,0.153,0.0033,0.0087,0.0026,0.0079,0.0035,0.059,0.0293,0.0725,0.0023,0.0046,0.0584,0.0875,0.0,0.0
655,21.85,1,0.0,0.0,0.0,0.7868,0.7797,0.6026,0.0,0.0,0.0,0.6355,0.6713,0.8499,0.8285,0.0296,0.2637,0.2541,0.009,0.0034,0.0012,0.5424,0.36,0.0009,0.0002,0.0001,0.0033,0.011,0.0001,0.003,0.0138,0.0811,0.0,0.0,0.0091,0.0056,0.0012,0.0008,0.0174,0.048,0.1555,0.0031,0.0096,0.0163,0.0081,0.0144,0.0005,0.0006,0.0002,0.0002,0.0006,0.0012,0.0,0.0
660,22.02,1,0.0,0.0,0.0,0.8874,0.814,0.531,0.0,0.0,0.0,0.0926,0.0959,0.5293,0.4945,0.0768,0.0684,0.0671,0.0651,0.0131,0.0083,0.1564,0.1217,0.0119,0.0075,0.0001,0.0021,0.0274,0.0002,0.0065,0.0014,0.0314,0.0,0.0,0.0143,0.0027,0.002,0.0007,0.0044,0.0507,0.1134,0.0027,0.0097,0.0217,0.0075,0.0233,0.0003,0.0006,0.0003,0.0001,0.0024,0.0069,0.0,0.0
665,22.19,1,0.0,0.0,0.0,0.8393,0.7636,0.5506,0.0001,0.0,0.0,0.0839,0.0282,0.286,0.2676,0.0137,0.2354,0.2437,0.0155,0.0372,0.0262,0.5715,0.0678,0.0106,0.0185,0.0002,0.0054,0.2186,0.0006,0.0179,0.0017,0.0112,0.0001,0.0001,0.0167,0.0006,0.0083,0.0055,0.0077,0.0346,0.0373,0.0046,0.0122,0.0363,0.0027,0.0111,0.0002,0.0003,0.0002,0.0007,0.0011,0.0017,0.0,0.0
670,22.35,1,0.0,0.0001,0.0001,0.571,0.635,0.4879,0.0003,0.0,0.0,0.4623,0.4787,0.612,0.5746,0.0078,0.4089,0.4071,0.0059,0.01,0.0071,0.5383,0.4186,0.0008,0.0005,0.0009,0.0019,0.1971,0.0006,0.0128,0.0074,0.0438,0.0002,0.0001,0.0074,0.0003,0.0266,0.0303,0.0693,0.1043,0.0012,0.002,0.0049,0.0405,0.0007,0.0102,0.1466,0.1751,0.0128,0.0074,0.0115,0.0186,0.0,0.0
675,22.52,1,0.0,0.0001,0.0,0.6715,0.7702,0.5205,0.0001,0.0,0.0,0.06,0.0889,0.4154,0.4063,0.0073,0.3993,0.4006,0.0066,0.0176,0.014,0.1428,0.184,0.0085,0.0176,0.0007,0.0027,0.3597,0.0013,0.0242,0.0098,0.1516,0.0,0.0,0.0697,0.0029,0.032,0.0114,0.0484,0.3303,0.0062,0.0005,0.0038,0.0237,0.0013,0.0121,0.0135,0.0291,0.001,0.001,0.007,0.0091,0.0,0.0
680,22.69,1,0.0,0.0005,0.0006,0.4686,0.5602,0.2168,0.0005,0.0,0.0,0.1029,0.0634,0.4404,0.3983,0.0497,0.0863,0.0762,0.0494,0.019,0.0136,0.2304,0.198,0.0087,0.012,0.0007,0.002,0.3859,0.0011,0.0117,0.0098,0.0185,0.0006,0.0005,0.0089,0.0004,0.0525,0.0433,0.0717,0.1243,0.0026,0.0009,0.0121,0.0246,0.0041,0.0182,0.5362,0.5877,0.0201,0.0197,0.0998,0.1457,0.0,0.0
685,22.85,1,0.0,0.0019,0.0014,0.1592,0.4302,0.1573,0.0004,0.0,0.0,0.0738,0.0865,0.2287,0.2275,0.051,0.0863,0.0842,0.0463,0.0392,0.0332,0.2206,0.1991,0.0116,0.0074,0.0005,0.0008,0.2137,0.0007,0.0177,0.0038,0.0161,0.0001,0.0001,0.0081,0.0002,0.0347,0.0216,0.0251,0.0586,0.0042,0.0029,0.0094,0.0405,0.0017,0.0148,0.4358,0.5547,0.0064,0.0056,0.1117,0.2028,0.0,0.0
690,23.02,1,0.0,0.0052,0.0046,0.1256,0.2208,0.0631,0.0001,0.0,0.0,0.6567,0.5888,0.6282,0.6227,0.0368,0.2547,0.1821,0.0079,0.0066,0.0058,0.6048,0.2119,0.0006,0.0002,0.0003,0.0014,0.0187,0.0001,0.0023,0.0085,0.081,0.0002,0.0002,0.0029,0.0005,0.0062,0.0041,0.0847,0.2033,0.0016,0.0024,0.0102,0.0103,0.0153,0.0695,0.1244,0.1766,0.0028,0.002,0.1026,0.1781,0.0,0.0
695,23.19,1,0.0,0.0053,0.0045,0.1737,0.1381,0.05,0.0002,0.0,0.0,0.2569,0.2495,0.3509,0.3091,0.0531,0.0883,0.072,0.0478,0.027,0.0219,0.4595,0.2485,0.0025,0.0015,0.0005,0.0012,0.0596,0.0001,0.0053,0.0083,0.0352,0.0002,0.0002,0.0052,0.0004,0.0152,0.0113,0.0769,0.1508,0.0008,0.0013,0.0081,0.0171,0.0034,0.0386,0.1602,0.1914,0.0055,0.0035,0.0912,0.1544,0.0,0.0
700,23.35,1,0.0,0.0113,0.0063,0.1462,0.0878,0.0496,0.0003,0.0,0.0,0.2055,0.2109,0.292,0.2791,0.0459,0.0831,0.0819,0.0446,0.03,0.0241,0.3798,0.2584,0.0031,0.0019,0.0005,0.0021,0.2184,0.0002,0.0134,0.0036,0.0252,0.0005,0.0004,0.0058,0.0003,0.0277,0.0224,0.0389,0.1079,0.0007,0.0008,0.0075,0.0146,0.0023,0.0225,0.0988,0.147,0.0076,0.0039,0.1077,0.1992,0.0,0.0
705,23.52,1,0.0,0.0164,0.0184,0.0895,0.0684,0.0245,0.0003,0.0,0.0,0.5362,0.5244,0.5714,0.5449,0.0667,0.1752,0.093,0.0173,0.012,0.0092,0.6362,0.5795,0.0007,0.0003,0.0007,0.003,0.1595,0.0002,0.0096,0.0044,0.0333,0.0007,0.0004,0.0046,0.0003,0.034,0.0386,0.0478,0.0811,0.0009,0.0012,0.0105,0.0376,0.0028,0.0231,0.2386,0.271,0.0132,0.0064,0.1707,0.2996,0.0,0.0
710,23.69,1,0.0,0.0258,0.0234,0.0724,0.0666,0.0288,0.0003,0.0,0.0,0.3181,0.2942,0.3225,0.3072,0.0137,0.2306,0.2104,0.0172,0.0269,0.0218,0.4171,0.3005,0.0016,0.0012,0.0004,0.0016,0.0792,0.0001,0.0055,0.0075,0.0349,0.0006,0.0003,0.0014,0.0004,0.01,0.0112,0.1741,0.2055,0.0003,0.0011,0.023,0.0476,0.0067,0.0411,0.2619,0.2728,0.0113,0.0058,0.0592,0.1235,0.0,0.0
715,23.85,1,0.0,0.0035,0.0038,0.1854,0.2676,0.0986,0.0004,0.0,0.0,0.1476,0.1412,0.2748,0.2585,0.0149,0.2261,0.2125,0.0226,0.0346,0.0274,0.2607,0.4093,0.0053,0.0045,0.0005,0.0012,0.0477,0.0001,0.0043,0.0031,0.0059,0.0004,0.0003,0.0054,0.005,0.0234,0.0259,0.0267,0.0555,0.0068,0.0001,0.0227,0.0541,0.0067,0.0199,0.6803,0.6797,0.0056,0.0048,0.33,0.388,0.0,0.0
720,24.02,1,0.0,0.0,0.0,0.894,0.813,0.7304,0.0003,0.0,0.0,0.1122,0.0714,0.5329,0.5226,0.0261,0.2195,0.2093,0.0173,0.014,0.0084,0.2488,0.1548,0.0114,0.0151,0.0015,0.0003,0.0377,0.0006,0.0036,0.0025,0.0023,0.0091,0.0081,0.0332,0.0025,0.06,0.0678,0.0166,0.0285,0.0454,0.0002,0.0113,0.0032,0.0074,0.0229,0.6077,0.6199,0.075,0.0621,0.6458,0.7665,0.0,0.0
725,24.19,1,0.0,0.0,0.0,0.8612,0.8901,0.7512,0.0003,0.0,0.0,0.1009,0.0697,0.5074,0.4989,0.015,0.3013,0.2935,0.0108,0.0126,0.0087,0.2121,0.1755,0.0103,0.0159,0.0012,0.0006,0.0331,0.0003,0.0023,0.0013,0.0057,0.0058,0.004,0.021,0.0009,0.0779,0.057,0.0181,0.0512,0.0253,0.0007,0.0107,0.0059,0.0074,0.034,0.6235,0.7007,0.0784,0.0432,0.5721,0.7055,0.0,0.0
730,24.36,1,0.0,0.0011,0.0007,0.5142,0.4163,0.279,0.0002,0.0,0.0,0.7392,0.686,0.7923,0.7915,0.0591,0.1821,0.1126,0.0226,0.0032,0.0023,0.5637,0.4388,0.0003,0.0002,0.0012,0.0002,0.0128,0.0008,0.0004,0.0031,0.0056,0.0007,0.0004,0.0284,0.0012,0.0686,0.0709,0.0236,0.0263,0.0253,0.0006,0.0021,0.0033,0.0022,0.0375,0.5216,0.5016,0.0428,0.0193,0.31,0.3584,0.0,0.0
735,24.52,1,0.0,0.022,0.0166,0.0913,0.0812,0.0554,0.0002,0.0,0.0,0.2006,0.2634,0.1461,0.1726,0.0098,0.2753,0.2579,0.0145,0.0568,0.0458,0.4874,0.3354,0.0023,0.0015,0.0005,0.0005,0.0622,0.0002,0.0029,0.0037,0.0068,0.0001,0.0001,0.0097,0.0011,0.0193,0.0195,0.0223,0.0264,0.0055,0.0003,0.0042,0.0181,0.001,0.0169,0.4808,0.4864,0.0171,0.0098,0.0728,0.1317,0.0,0.0
740,24.69,1,0.0,0.028,0.031,0.0586,0.0756,0.0338,0.0001,0.0,0.0,0.0762,0.1047,0.1059,0.1071,0.0091,0.2809,0.2518,0.0148,0.0747,0.0684,0.3043,0.3062,0.0067,0.0053,0.0003,0.0004,0.0207,0.0001,0.0025,0.0041,0.0071,0.0001,0.0001,0.0084,0.0011,0.0038,0.0028,0.0258,0.0307,0.0122,0.0009,0.0043,0.0082,0.0041,0.0475,0.461,0.4849,0.0086,0.0085,0.057,0.1092,0.0,0.0
745,24.86,1,0.0,0.0437,0.0351,0.0384,0.07,0.0328,0.0003,0.0,0.0,0.1301,0.158,0.2103,0.1988,0.0218,0.1406,0.1284,0.0322,0.0374,0.0318,0.2919,0.2943,0.0044,0.003,0.0004,0.0007,0.0524,0.0001,0.0059,0.0064,0.0205,0.0001,0.0,0.0094,0.0018,0.0125,0.0112,0.0662,0.082,0.0081,0.0005,0.0154,0.0291,0.0054,0.0288,0.4682,0.4135,0.0046,0.0013,0.1609,0.2636,0.0,0.0
750,25.02,1,0.0,0.0222,0.0389,0.0301,0.1056,0.0259,0.0003,0.0,0.0,0.1076,0.1193,0.1995,0.1808,0.03,0.1118,0.1002,0.0359,0.0412,0.0352,0.298,0.3402,0.0061,0.0041,0.0005,0.0007,0.0443,0.0001,0.0033,0.0058,0.021,0.0001,0.0001,0.0062,0.0016,0.0232,0.0188,0.0689,0.1408,0.0029,0.0003,0.0158,0.0391,0.0043,0.0306,0.4224,0.4494,0.0084,0.0038,0.1638,0.2774,0.0,0.0
755,25.19,1,0.0,0.012,0.0102,0.119,0.1397,0.0664,0.0002,0.0,0.0,0.7701,0.7469,0.8784,0.8628,0.0718,0.1123,0.0729,0.0374,0.0018,0.0011,0.6017,0.6375,0.0003,0.0001,0.0005,0.0042,0.0296,0.0001,0.0017,0.043,0.0415,0.0001,0.0001,0.0102,0.0037,0.0122,0.0205,0.0945,0.0984,0.0027,0.0003,0.0081,0.0149,0.0053,0.0615,0.0553,0.0465,0.0017,0.0018,0.1422,0.1358,0.0,0.0
760,25.36,1,0.0,0.019,0.0136,0.0405,0.0994,0.0472,0.0,0.0,0.0,0.2445,0.2771,0.4365,0.422,0.0263,0.1373,0.1418,0.0377,0.0186,0.0134,0.3817,0.3606,0.0028,0.0012,0.0,0.0065,0.0564,0.0001,0.0354,0.006,0.0514,0.0,0.0,0.005,0.0129,0.0002,0.0001,0.0167,0.0375,0.1466,0.001,0.0467,0.1645,0.0178,0.0134,0.0001,0.0001,0.0001,0.0,0.0002,0.0002,0.0,0.0
765,25.52,1,0.0,0.0148,0.0149,0.1096,0.1069,0.0417,0.0,0.0,0.0,0.2081,0.1938,0.5128,0.4722,0.1144,0.0314,0.0449,0.1119,0.0135,0.0098,0.2101,0.181,0.0048,0.0022,0.0,0.0017,0.0114,0.0001,0.0089,0.0092,0.0222,0.0,0.0,0.001,0.006,0.0,0.0,0.0323,0.0495,0.0496,0.0015,0.0103,0.0176,0.3547,0.0508,0.0008,0.0007,0.0003,0.0001,0.0007,0.001,0.0,0.0
770,25.69,1,0.0,0.0055,0.0037,0.1605,0.2041,0.066,0.0001,0.0,0.0,0.1876,0.1381,0.4704,0.4528,0.4056,0.0066,0.0078,0.3738,0.013,0.0094,0.1547,0.1855,0.005,0.0036,0.0001,0.0045,0.0889,0.0001,0.005,0.0043,0.0223,0.0,0.0,0.0488,0.0016,0.0101,0.0041,0.0101,0.0349,0.046,0.001,0.0148,0.0341,0.0061,0.0662,0.0009,0.0009,0.0006,0.0,0.0471,0.0819,0.0,0.0
775,25.86,1,0.0,0.0055,0.0039,0.1281,0.2719,0.0855,0.0,0.0,0.0,0.1752,0.0948,0.5735,0.564,0.516,0.0044,0.005,0.4932,0.0081,0.0064,0.146,0.1414,0.0067,0.0064,0.0,0.0037,0.0217,0.0001,0.0102,0.0115,0.0501,0.0,0.0,0.0153,0.0071,0.0004,0.0001,0.0133,0.0484,0.2799,0.0015,0.025,0.0395,0.0629,0.0686,0.0003,0.0003,0.0001,0.0,0.0051,0.0083,0.0,0.0
780,26.02,1,0.0,0.0049,0.0029,0.2639,0.1632,0.0552,0.0001,0.0,0.0,0.1652,0.101,0.5247,0.5036,0.445,0.006,0.0091,0.4053,0.0128,0.0094,0.2655,0.2041,0.0065,0.0067,0.0001,0.0016,0.0528,0.0003,0.0128,0.0522,0.0895,0.0001,0.0001,0.0058,0.0001,0.0159,0.0022,0.0782,0.2437,0.0027,0.0145,0.0606,0.0138,0.058,0.1159,0.0147,0.0174,0.0003,0.0003,0.0869,0.0577,0.0,0.0
785,26.19,1,0.0,0.0002,0.0001,0.6969,0.5273,0.2287,0.0,0.0,0.0,0.1424,0.0809,0.4719,0.4558,0.3878,0.0081,0.0111,0.3504,0.0125,0.0089,0.1668,0.1267,0.0084,0.0058,0.0001,0.0028,0.0175,0.0001,0.0046,0.0145,0.0695,0.0,0.0,0.0116,0.007,0.0013,0.0004,0.0384,0.1618,0.033,0.0009,0.0067,0.0412,0.0023,0.0058,0.0021,0.0028,0.0003,0.0001,0.0005,0.0006,0.0,0.0
790,26.36,1,0.0,0.0,0.0,0.8139,0.825,0.5769,0.0005,0.0,0.0,0.085,0.0304,0.3558,0.3228,0.3358,0.0135,0.0119,0.3089,0.026,0.0231,0.2193,0.1266,0.0142,0.0217,0.002,0.0032,0.1513,0.0003,0.0053,0.0049,0.0131,0.0002,0.0002,0.0107,0.0003,0.0778,0.0908,0.0216,0.0833,0.0028,0.0021,0.0075,0.0428,0.0009,0.0122,0.3488,0.5321,0.006,0.0381,0.1117,0.1481,0.0,0.0
795,26.52,1,0.0,0.0002,0.0002,0.584,0.737,0.5136,0.0007,0.0,0.0,0.0854,0.0381,0.2126,0.184,0.4296,0.0115,0.0094,0.4003,0.054,0.0575,0.2051,0.2187,0.0133,0.0273,0.0029,0.0013,0.0534,0.0002,0.0015,0.0027,0.0188,0.0002,0.0001,0.0172,0.0002,0.1485,0.187,0.0134,0.0421,0.0059,0.0061,0.0041,0.0416,0.001,0.0137,0.7854,0.8636,0.0106,0.0174,0.4673,0.5446,0.0,0.0
800,26.69,1,0.0,0.0001,0.0001,0.7689,0.7587,0.5252,0.0005,0.0,0.0,0.0785,0.0526,0.292,0.2739,0.3635,0.0124,0.0118,0.3531,0.0437,0.0328,0.2722,0.2005,0.0164,0.0191,0.0029,0.0004,0.0227,0.0003,0.001,0.0023,0.0116,0.0005,0.0004,0.0272,0.0003,0.1303,0.1892,0.0187,0.0513,0.0179,0.0049,0.0033,0.0122,0.0024,0.0195,0.7784,0.8549,0.0214,0.0421,0.7166,0.7736,0.0,0.0
805,26.86,1,0.0,0.0003,0.0002,0.6777,0.4732,0.1843,0.0006,0.0,0.0,0.614,0.5448,0.7537,0.7241,0.0763,0.1324,0.0777,0.0311,0.0057,0.0027,0.5564,0.3854,0.0011,0.0003,0.0016,0.0021,0.1547,0.0004,0.0078,0.0052,0.0081,0.006,0.0066,0.0089,0.0004,0.0639,0.096,0.0219,0.0383,0.0052,0.0006,0.0163,0.0096,0.0062,0.0237,0.241,0.2552,0.0249,0.1026,0.4621,0.566,0.0,0.0
810,27.02,1,0.0,0.0028,0.0034,0.2376,0.1858,0.047,0.0,0.0,0.0,0.3233,0.2702,0.6603,0.5968,0.0731,0.066,0.0623,0.0703,0.0083,0.0063,0.2455,0.2888,0.003,0.0012,0.0,0.0006,0.0097,0.0001,0.0041,0.012,0.0702,0.0001,0.0001,0.0003,0.0016,0.0,0.0,0.0672,0.1852,0.0038,0.0024,0.0224,0.0134,0.7348,0.1843,0.0056,0.0057,0.0013,0.0002,0.004,0.008,0.0,0.0
815,27.19,1,0.0,0.0055,0.0045,0.1819,0.1814,0.056,0.0001,0.0,0.0,0.2088,0.1592,0.53,0.4983,0.3444,0.0085,0.0117,0.2996,0.0101,0.0078,0.1832,0.1926,0.0045,0.0027,0.0001,0.0005,0.0191,0.0002,0.0025,0.0031,0.0728,0.0003,0.0002,0.0073,0.0001,0.0084,0.0024,0.0158,0.135,0.0044,0.0092,0.0106,0.0056,0.02,0.1091,0.0096,0.0193,0.0017,0.0003,0.1483,0.3309,0.0,0.0
820,27.36,1,0.0,0.0701,0.0672,0.0608,0.0208,0.0094,0.0002,0.0,0.0,0.2616,0.1983,0.3951,0.3715,0.3869,0.0075,0.0113,0.3267,0.0245,0.0122,0.1136,0.5112,0.0031,0.0013,0.0004,0.0014,0.0691,0.0001,0.0022,0.0082,0.0179,0.001,0.0013,0.0039,0.0004,0.036,0.0312,0.0668,0.2304,0.0004,0.0005,0.015,0.025,0.0054,0.0493,0.036,0.0452,0.002,0.0062,0.2712,0.2622,0.0,0.0
825,27.52,1,0.0,0.024,0.0174,0.1416,0.0621,0.0277,0.0002,0.0,0.0,0.148,0.1271,0.2336,0.2157,0.417,0.0067,0.0085,0.3653,0.0352,0.0309,0.2477,0.2464,0.0055,0.0035,0.0004,0.0004,0.0257,0.0002,0.0027,0.0084,0.0144,0.0001,0.0001,0.0085,0.0004,0.0099,0.0075,0.0473,0.0948,0.0049,0.0025,0.0155,0.0173,0.0084,0.0523,0.3916,0.4572,0.0018,0.0042,0.241,0.2753,0.0,0.0
830,27.69,1,0.0,0.0486,0.0489,0.0869,0.04,0.0162,0.0005,0.0,0.0,0.1574,0.1766,0.2691,0.251,0.2792,0.0147,0.0171,0.2603,0.0421,0.0303,0.3833,0.2965,0.0073,0.0027,0.0006,0.0005,0.0386,0.0002,0.005,0.002,0.0168,0.0009,0.0006,0.0048,0.0001,0.0293,0.0238,0.0508,0.1467,0.0028,0.0079,0.0468,0.076,0.0152,0.0186,0.7238,0.8235,0.006,0.0052,0.4656,0.6367,0.0,0.0
835,27.86,1,0.0,0.0305,0.0381,0.0464,0.0693,0.024,0.0003,0.0,0.0,0.1175,0.1449,0.093,0.0951,0.1167,0.0475,0.0499,0.1199,0.1252,0.1107,0.4394,0.3951,0.0074,0.0048,0.0008,0.0002,0.0092,0.0001,0.0009,0.0024,0.0176,0.0004,0.0003,0.0082,0.0002,0.0229,0.0236,0.0284,0.0869,0.0062,0.0055,0.0047,0.0161,0.0069,0.0181,0.8231,0.8975,0.0149,0.0221,0.4141,0.5637,0.0,0.0
840,28.03,1,0.0,0.0539,0.0437,0.0569,0.0309,0.0236,0.0002,0.0,0.0,0.0964,0.087,0.0495,0.0498,0.0255,0.1394,0.1351,0.0353,0.1645,0.1658,0.3923,0.3833,0.0061,0.0073,0.0007,0.0005,0.0571,0.0003,0.0025,0.0021,0.0059,0.0001,0.0001,0.0404,0.0006,0.0376,0.0383,0.0114,0.0183,0.0338,0.002,0.0023,0.0188,0.0009,0.0207,0.6578,0.7083,0.0035,0.0053,0.1551,0.2029,0.0,0.0
845,28.19,1,0.0,0.0607,0.0839,0.0207,0.0181,0.014,0.0,0.0,0.0,0.087,0.0818,0.0347,0.0348,0.0071,0.3024,0.3178,0.0084,0.1887,0.1742,0.4839,0.3757,0.0053,0.0041,0.0003,0.0014,0.0361,0.0001,0.0034,0.0078,0.0275,0.0,0.0,0.0109,0.0021,0.0059,0.0042,0.0407,0.0767,0.0057,0.0006,0.0029,0.0063,0.0007,0.0129,0.0096,0.0125,0.0021,0.001,0.0008,0.0011,0.0,0.0
850,28.36,1,0.0,0.0545,0.0695,0.0191,0.0351,0.03,0.0,0.0,0.0,0.0633,0.0922,0.0658,0.0801,0.0025,0.5202,0.5108,0.0054,0.1211,0.1056,0.456,0.3386,0.0104,0.0057,0.0001,0.0031,0.16,0.0019,0.0081,0.0009,0.0253,0.0,0.0,0.0202,0.0003,0.0067,0.0041,0.0033,0.0072,0.3084,0.0185,0.0169,0.0724,0.0012,0.0083,0.0,0.0,0.0001,0.0,0.0001,0.0001,0.0,0.0
855,28.53,1,0.0,0.069,0.0435,0.0259,0.0284,0.0407,0.0004,0.0,0.0,0.1155,0.2136,0.1408,0.1739,0.0034,0.3855,0.3523,0.0133,0.0603,0.0442,0.5533,0.346,0.0048,0.0022,0.0006,0.0038,0.3607,0.0004,0.0078,0.008,0.0157,0.0006,0.0003,0.0035,0.0008,0.0209,0.0226,0.0594,0.0609,0.0006,0.0001,0.0045,0.0178,0.0006,0.0101,0.2013,0.2,0.0571,0.0107,0.004,0.0077,0.0,0.0
860,28.69,1,0.0,0.0939,0.059,0.0139,0.0262,0.0323,0.0,0.0,0.0,0.1539,0.2488,0.1156,0.1412,0.0031,0.413,0.3691,0.0125,0.0737,0.0546,0.4971,0.3592,0.0031,0.0012,0.0001,0.0013,0.0171,0.0,0.0059,0.0045,0.0149,0.0007,0.0007,0.0003,0.0024,0.0002,0.0001,0.0553,0.1077,0.001,0.0003,0.0274,0.0192,0.0215,0.0194,0.0044,0.0067,0.0018,0.0042,0.0002,0.0004,0.0,0.0
865,28.86,1,0.0,0.0978,0.0927,0.0141,0.0214,0.0146,0.0,0.0,0.0,0.1287,0.1608,0.0918,0.1008,0.01,0.2057,0.2233,0.0244,0.0898,0.0744,0.4634,0.3624,0.0046,0.002,0.0001,0.0004,0.0105,0.0001,0.003,0.0079,0.0155,0.0001,0.0001,0.0006,0.0032,0.0003,0.0002,0.0575,0.0935,0.0012,0.0004,0.0081,0.0153,0.009,0.0215,0.0095,0.0149,0.0014,0.0023,0.0008,0.0017,0.0,0.0
870,29.03,1,0.0,0.066,0.0648,0.0217,0.0255,0.0164,0.0002,0.0,0.0,0.1001,0.1391,0.0956,0.0962,0.0103,0.2262,0.2145,0.0199,0.0859,0.0792,0.3888,0.3592,0.0049,0.0031,0.0004,0.0013,0.0515,0.0001,0.005,0.0228,0.0575,0.0,0.0,0.0022,0.0009,0.0056,0.0046,0.0916,0.1408,0.0007,0.0007,0.01,0.0446,0.0022,0.0241,0.1691,0.2149,0.0033,0.0029,0.0083,0.0191,0.0,0.0
875,29.19,1,0.0,0.0002,0.0002,0.6025,0.6021,0.4056,0.0,0.0,0.0,0.1285,0.0872,0.28,0.2676,0.0154,0.2316,0.2329,0.0186,0.0317,0.0269,0.2082,0.1838,0.0066,0.0075,0.0001,0.0007,0.0138,0.0001,0.0066,0.0789,0.1297,0.0,0.0,0.0007,0.0064,0.0002,0.0001,0.2369,0.3048,0.0026,0.0011,0.017,0.0547,0.0086,0.0038,0.0085,0.0148,0.0003,0.0012,0.0001,0.0002,0.0,0.0
880,29.36,1,0.0,0.0001,0.0,0.7382,0.7855,0.6686,0.0002,0.0,0.0,0.0579,0.0456,0.457,0.4013,0.0205,0.2334,0.2396,0.0125,0.0196,0.0118,0.1874,0.0805,0.0178,0.0182,0.0005,0.0005,0.0224,0.0004,0.0015,0.0136,0.0137,0.0,0.0,0.0158,0.0036,0.0107,0.0108,0.0423,0.057,0.0213,0.0007,0.0032,0.022,0.0017,0.0201,0.5299,0.5573,0.0019,0.0033,0.0614,0.0699,0.0,0.0
885,29.53,1,0.0,0.0001,0.0,0.7007,0.9021,0.9356,0.0011,0.0,0.0,0.0818,0.0926,0.2296,0.2654,0.0392,0.1421,0.1311,0.0285,0.0535,0.0307,0.3327,0.183,0.0145,0.0107,0.0015,0.001,0.2139,0.0016,0.0034,0.0031,0.0069,0.0007,0.0005,0.0344,0.0016,0.2722,0.2691,0.0088,0.0268,0.0255,0.0003,0.0028,0.0103,0.0015,0.0179,0.6579,0.7391,0.0192,0.0143,0.558,0.6367,0.0,0.0
890,29.69,1,0.0,0.0002,0.0001,0.5086,0.7409,0.5369,0.0002,0.0,0.0,0.0597,0.027,0.0893,0.0938,0.072,0.0821,0.064,0.0443,0.1076,0.1068,0.2681,0.0984,0.0127,0.0145,0.0011,0.0023,0.2187,0.0004,0.0076,0.0022,0.0401,0.0001,0.0,0.0141,0.0001,0.1018,0.0686,0.013,0.064,0.0031,0.007,0.0007,0.0112,0.0001,0.0067,0.0253,0.0641,0.0031,0.0045,0.0047,0.0082,0.0,0.0
895,29.86,1,0.0,0.0002,0.0001,0.5413,0.7321,0.4813,0.0,0.0,0.0,0.028,0.0144,0.0587,0.0604,0.0793,0.0513,0.0482,0.0759,0.1409,0.148,0.2507,0.1099,0.02,0.0284,0.0001,0.0079,0.1958,0.0004,0.0222,0.0007,0.019,0.0,0.0,0.0271,0.0007,0.0051,0.0023,0.0011,0.0162,0.2731,0.006,0.0124,0.0594,0.002,0.0077,0.0,0.0,0.0,0.0001,0.0001,0.0002,0.0,0.0
900,30.03,1,0.0,0.0002,0.0002,0.6078,0.5833,0.2582,0.0002,0.0,0.0,0.1719,0.1919,0.2697,0.2519,0.0385,0.0972,0.1017,0.0409,0.0442,0.029,0.4656,0.3399,0.0045,0.0018,0.0008,0.0051,0.3532,0.0002,0.0122,0.0216,0.0406,0.0,0.0,0.0146,0.0002,0.0285,0.0335,0.0161,0.0426,0.0024,0.0027,0.0014,0.013,0.0003,0.0089,0.0344,0.0748,0.0011,0.0106,0.017,0.03,0.0,0.0
905,30.19,1,0.0,0.0005,0.0004,0.5286,0.4897,0.1795,0.0002,0.0,0.0,0.1009,0.0844,0.1611,0.1513,0.1674,0.0251,0.0281,0.1532,0.0622,0.0522,0.3707,0.2913,0.0083,0.0054,0.0004,0.0016,0.0337,0.0001,0.0033,0.0177,0.0294,0.0,0.0,0.0071,0.0011,0.0059,0.005,0.0468,0.0983,0.0028,0.0015,0.0051,0.0297,0.0021,0.0262,0.2868,0.3751,0.002,0.0041,0.0189,0.0306,0.0,0.0
910,30.36,1,0.0,0.0007,0.0005,0.4931,0.4118,0.191,0.0001,0.0,0.0,0.0914,0.0598,0.198,0.1832,0.2608,0.0162,0.0156,0.2313,0.0443,0.0367,0.2812,0.1522,0.0078,0.0068,0.0005,0.0019,0.0391,0.0001,0.0025,0.0115,0.0417,0.0,0.0,0.0066,0.0006,0.0153,0.0104,0.0485,0.2205,0.0015,0.0019,0.0035,0.0125,0.0014,0.0259,0.0614,0.1276,0.0013,0.0062,0.0236,0.0362,0.0,0.0
915,30.53,1,0.0,0.0003,0.0002,0.6635,0.4412,0.2476,0.0001,0.0,0.0,0.0774,0.037,0.2633,0.2329,0.2323,0.0184,0.0187,0.1971,0.0343,0.0266,0.2282,0.0834,0.0102,0.0095,0.0003,0.0047,0.1122,0.0001,0.005,0.0021,0.0071,0.0002,0.0002,0.0102,0.0007,0.0172,0.0108,0.0159,0.0665,0.0032,0.0011,0.0041,0.0154,0.002,0.0454,0.0052,0.0084,0.001,0.0031,0.0481,0.0606,0.0,0.0
920,30.69,1,0.0,0.0001,0.0001,0.7435,0.4997,0.3385,0.0001,0.0,0.0,0.5411,0.4837,0.7625,0.7359,0.1078,0.0716,0.0474,0.0669,0.0048,0.0023,0.4304,0.347,0.0013,0.0003,0.0006,0.0042,0.0542,0.0001,0.003,0.0073,0.0081,0.0001,0.0002,0.033,0.0018,0.0296,0.031,0.0132,0.0259,0.0234,0.0007,0.0063,0.0101,0.0034,0.0449,0.006,0.0055,0.0008,0.0019,0.2809,0.2686,0.0,0.0
925,30.86,1,0.0,0.0001,0.0001,0.7096,0.6452,0.3484,0.0,0.0,0.0,0.1805,0.1695,0.6376,0.5875,0.0897,0.0555,0.0596,0.0798,0.0094,0.006,0.1761,0.1421,0.0068,0.0039,0.0,0.0039,0.0215,0.0001,0.014,0.023,0.0183,0.0,0.0,0.0007,0.0073,0.0,0.0,0.0851,0.0988,0.0109,0.0013,0.0225,0.0311,0.5904,0.1204,0.0032,0.0025,0.0005,0.0003,0.0022,0.0023,0.0,0.0
930,31.03,1,0.0,0.0,0.0001,0.7098,0.8455,0.6111,0.0,0.0,0.0,0.0455,0.0156,0.5227,0.4857,0.0721,0.0845,0.0694,0.0623,0.0148,0.0108,0.1644,0.0511,0.0299,0.0424,0.0,0.0026,0.0484,0.0007,0.0274,0.01,0.0071,0.0,0.0,0.0021,0.0135,0.0001,0.0001,0.0044,0.0212,0.5418,0.0028,0.16,0.1476,0.1989,0.0138,0.0,0.0,0.0,0.0001,0.0001,0.0001,0.0,0.0
935,31.19,1,0.0,0.0001,0.0001,0.6342,0.8439,0.6541,0.0,0.0,0.0,0.0769,0.0374,0.2194,0.2082,0.0861,0.0708,0.0526,0.0731,0.0541,0.0468,0.2827,0.1587,0.0156,0.0222,0.0001,0.0072,0.1527,0.0008,0.0261,0.0013,0.0057,0.0,0.0,0.016,0.0036,0.0062,0.0034,0.0007,0.0104,0.7358,0.0023,0.037,0.265,0.0009,0.0008,0.0,0.0,0.0,0.0001,0.0,0.0,0.0,0.0
940,31.36,1,0.0,0.0004,0.0004,0.518,0.4455,0.3184,0.0,0.0,0.0,0.7101,0.6649,0.762,0.7404,0.0806,0.1146,0.0831,0.0366,0.0058,0.0026,0.6298,0.4504,0.0009,0.0001,0.0001,0.0057,0.0474,0.0002,0.0089,0.0047,0.0495,0.0,0.0,0.0129,0.0017,0.0051,0.0029,0.005,0.0541,0.1268,0.004,0.0142,0.0653,0.0014,0.0034,0.0001,0.0002,0.0,0.0002,0.0001,0.0003,0.0,0.0
945,31.53,1,0.0,0.0042,0.0058,0.1333,0.1815,0.0919,0.0,0.0,0.0,0.1512,0.141,0.1146,0.1359,0.4174,0.0062,0.01,0.3739,0.0768,0.0657,0.4906,0.3633,0.0062,0.002,0.0002,0.0156,0.1129,0.0002,0.0098,0.0036,0.1452,0.0,0.0,0.0282,0.0067,0.0297,0.0078,0.0018,0.1125,0.139,0.0003,0.0128,0.0868,0.0005,0.0026,0.0,0.0001,0.0,0.0,0.0001,0.0002,0.0,0.0
950,31.7,1,0.0,0.0109,0.0118,0.0626,0.1412,0.0475,0.0001,0.0,0.0,0.1337,0.1298,0.1456,0.1542,0.394,0.0069,0.0099,0.3452,0.057,0.0475,0.3278,0.2416,0.0065,0.0027,0.0007,0.0049,0.0599,0.0001,0.003,0.0586,0.3732,0.0,0.0,0.0238,0.0021,0.0488,0.0181,0.031,0.2408,0.0052,0.0008,0.0025,0.0323,0.0003,0.0111,0.0109,0.0297,0.0002,0.0002,0.0124,0.0356,0.0,0.0
955,31.86,1,0.0,0.0118,0.0129,0.0744,0.1342,0.0422,0.0,0.0,0.0,0.0804,0.0965,0.1548,0.1684,0.3894,0.007,0.01,0.342,0.0521,0.0439,0.3461,0.2549,0.0118,0.0045,0.0001,0.0024,0.0353,0.0003,0.0044,0.0131,0.2047,0.0,0.0,0.0053,0.0012,0.0026,0.0007,0.0194,0.1914,0.0375,0.0057,0.0312,0.1385,0.0042,0.0062,0.0001,0.0003,0.0,0.0,0.0001,0.0002,0.0,0.0
960,32.03,1,0.0,0.007,0.0085,0.088,0.2162,0.0389,0.0,0.0,0.0,0.6792,0.6325,0.6284,0.6002,0.0902,0.0807,0.0597,0.0549,0.0085,0.006,0.5401,0.2785,0.001,0.0001,0.0001,0.0044,0.0287,0.0001,0.0047,0.025,0.2885,0.0,0.0,0.0054,0.0061,0.0028,0.0012,0.0346,0.1495,0.0285,0.0006,0.0224,0.0674,0.0052,0.0076,0.0005,0.0008,0.0002,0.0,0.0003,0.0009,0.0,0.0
965,32.2,1,0.0,0.0131,0.0084,0.0799,0.1068,0.0318,0.0,0.0,0.0,0.2275,0.2802,0.234,0.2326,0.2433,0.0172,0.0214,0.2154,0.0443,0.0332,0.4652,0.3433,0.0038,0.0008,0.0001,0.0032,0.0345,0.0001,0.0088,0.0295,0.4696,0.0,0.0,0.0066,0.0033,0.0028,0.0008,0.0263,0.1489,0.0193,0.0009,0.0111,0.0879,0.0012,0.0035,0.0009,0.0019,0.0001,0.0,0.0001,0.0004,0.0,0.0
970,32.36,1,0.0,0.0157,0.0116,0.0441,0.1252,0.0337,0.0,0.0,0.0,0.1674,0.1735,0.166,0.1696,0.2671,0.0143,0.0175,0.2401,0.0525,0.0479,0.3444,0.2814,0.005,0.0022,0.0,0.0017,0.0105,0.0001,0.0038,0.0414,0.4075,0.0,0.0,0.0002,0.0035,0.0001,0.0,0.1589,0.4164,0.0024,0.0013,0.0331,0.0599,0.2712,0.0168,0.004,0.0052,0.0008,0.0001,0.0001,0.0002,0.0,0.0
975,32.53,1,0.0,0.0176,0.0154,0.0519,0.1197,0.0339,0.0001,0.0,0.0,0.1429,0.1483,0.1483,0.1408,0.2841,0.0129,0.0166,0.2413,0.0613,0.057,0.3781,0.3278,0.0055,0.0025,0.0003,0.0006,0.018,0.0001,0.0016,0.0029,0.0208,0.0,0.0,0.0103,0.0003,0.0078,0.0039,0.0154,0.0631,0.0074,0.0035,0.003,0.0128,0.0018,0.0288,0.4117,0.6014,0.0023,0.0027,0.0333,0.0798,0.0,0.0
980,32.7,1,0.0,0.0216,0.0203,0.0525,0.1145,0.0374,0.0004,0.0,0.0,0.1428,0.1506,0.1394,0.1388,0.1823,0.025,0.0251,0.1755,0.0715,0.0683,0.411,0.3732,0.0066,0.0032,0.0009,0.001,0.0298,0.0001,0.0023,0.0014,0.0055,0.0006,0.0005,0.0195,0.0002,0.0558,0.0533,0.0167,0.0456,0.0141,0.0027,0.0075,0.0162,0.0043,0.019,0.6843,0.765,0.0059,0.0131,0.6117,0.6689,0.0,0.0
985,32.86,1,0.0,0.0198,0.0157,0.0709,0.1002,0.0417,0.0005,0.0,0.0,0.3976,0.482,0.4536,0.4224,0.071,0.121,0.0759,0.0444,0.0293,0.0173,0.6576,0.5018,0.0026,0.0004,0.0017,0.0012,0.0282,0.0001,0.0024,0.0023,0.0085,0.0011,0.0009,0.0243,0.0003,0.0929,0.1175,0.0196,0.0399,0.0185,0.0012,0.0058,0.007,0.0046,0.0144,0.7681,0.807,0.0111,0.0189,0.6997,0.7706,0.0,0.0
990,33.03,1,0.0,0.0127,0.0119,0.0707,0.1062,0.039,0.0007,0.0,0.0,0.203,0.2482,0.2338,0.2274,0.0657,0.0873,0.0762,0.0621,0.0636,0.0441,0.5281,0.4545,0.0055,0.0016,0.0014,0.0012,0.0611,0.0002,0.0049,0.0034,0.0113,0.0007,0.0006,0.0145,0.0002,0.1066,0.1323,0.0211,0.0492,0.0079,0.0014,0.0114,0.0285,0.004,0.0099,0.7093,0.7723,0.0052,0.0084,0.5586,0.6847,0.0,0.0
995,33.2,1,0.0,0.0002,0.0002,0.4971,0.6669,0.3301,0.0003,0.0,0.0,0.1258,0.1431,0.4525,0.391,0.0321,0.1427,0.1468,0.0249,0.0198,0.0158,0.2847,0.3242,0.0069,0.0051,0.0004,0.0006,0.0704,0.0009,0.0049,0.0364,0.0858,0.0,0.0,0.0063,0.0003,0.0133,0.0116,0.0768,0.139,0.003,0.0054,0.0172,0.1114,0.0035,0.029,0.2984,0.3992,0.0006,0.0014,0.048,0.0876,0.0,0.0
1000,33.36,1,0.0,0.0003,0.0002,0.6425,0.7253,0.5244,0.0,0.0,0.0,0.1675,0.1932,0.5639,0.5269,0.0033,0.5102,0.5109,0.005,0.008,0.0056,0.1911,0.2347,0.0036,0.0029,0.0001,0.0003,0.0026,0.0002,0.001,0.0132,0.1689,0.0,0.0,0.0012,0.001,0.0002,0.0001,0.1313,0.2,0.0149,0.0098,0.0033,0.0035,0.0172,0.0132,0.0387,0.0582,0.001,0.0006,0.0008,0.0006,0.0,0.0
1005,33.53,1,0.0,0.0041,0.0036,0.1155,0.2629,0.1943,0.0001,0.0,0.0,0.5544,0.5341,0.7295,0.7121,0.0305,0.2468,0.234,0.0115,0.0051,0.0037,0.6587,0.4033,0.0006,0.0005,0.0004,0.0002,0.0131,0.0023,0.0005,0.0057,0.0357,0.0,0.0,0.0074,0.0005,0.0141,0.0121,0.0491,0.0697,0.0071,0.0022,0.0031,0.0104,0.0011,0.0174,0.4047,0.447,0.0082,0.0034,0.0053,0.0079,0.0,0.0
1010,33.7,1,0.0,0.033,0.0321,0.0302,0.0697,0.0553,0.0001,0.0,0.0,0.1246,0.1348,0.0873,0.0941,0.0045,0.4096,0.3995,0.0074,0.0856,0.0754,0.5283,0.3601,0.0046,0.0033,0.0003,0.0004,0.0256,0.0007,0.0017,0.0078,0.0247,0.0,0.0,0.0078,0.0009,0.0045,0.0034,0.0438,0.0522,0.0085,0.0015,0.0036,0.028,0.0007,0.0113,0.424,0.4333,0.0026,0.0014,0.0015,0.0024,0.0,0.0
1015,33.86,1,0.0,0.1707,0.1512,0.0071,0.0144,0.0107,0.0002,0.0,0.0,0.0706,0.0795,0.0746,0.0858,0.0047,0.3346,0.3092,0.018,0.114,0.0876,0.4726,0.2833,0.0116,0.005,0.0006,0.0004,0.022,0.0003,0.0011,0.0119,0.0088,0.0001,0.0001,0.0077,0.0021,0.007,0.0064,0.0271,0.0423,0.0058,0.0003,0.005,0.0133,0.0013,0.0295,0.3806,0.5034,0.0048,0.0326,0.0142,0.0279,0.0,0.0
1020,34.03,1,0.0,0.0306,0.0577,0.0669,0.0967,0.0289,0.0001,0.0,0.0,0.0841,0.1141,0.2218,0.2098,0.0059,0.3241,0.288,0.0129,0.0364,0.0251,0.3165,0.2128,0.0091,0.0041,0.0003,0.0006,0.0146,0.0001,0.0014,0.0024,0.0052,0.0002,0.0001,0.0123,0.005,0.0042,0.0024,0.0136,0.0337,0.0142,0.0002,0.0041,0.0054,0.0032,0.0578,0.4726,0.6219,0.0067,0.011,0.0345,0.0848,0.0,0.0
1025,34.2,1,0.0,0.0298,0.0301,0.0904,0.1026,0.0466,0.0004,0.0,0.0,0.108,0.1205,0.3043,0.2898,0.0055,0.3767,0.3569,0.009,0.0315,0.0172,0.331,0.1609,0.0106,0.0041,0.0006,0.0004,0.0487,0.0004,0.003,0.0015,0.0028,0.0014,0.0011,0.0136,0.0022,0.0402,0.0361,0.0198,0.0446,0.0141,0.0002,0.0212,0.0126,0.007,0.0426,0.6173,0.7152,0.0105,0.0167,0.3914,0.5426,0.0,0.0
1030,34.36,1,0.0,0.0224,0.0356,0.0559,0.097,0.0358,0.0005,0.0,0.0,0.0704,0.1781,0.1119,0.1845,0.0069,0.2462,0.2687,0.0167,0.0967,0.0326,0.388,0.214,0.0121,0.0027,0.0009,0.0006,0.1004,0.0005,0.0047,0.0026,0.0046,0.0007,0.0005,0.0128,0.0015,0.0655,0.071,0.0407,0.0662,0.0049,0.0002,0.012,0.02,0.0025,0.0242,0.5105,0.5901,0.0278,0.0249,0.2154,0.403,0.0,0.0
1035,34.53,1,0.0,0.0125,0.0147,0.0638,0.0802,0.034,0.0002,0.0,0.0,0.2886,0.4161,0.3363,0.3237,0.0111,0.314,0.3461,0.0074,0.0313,0.0201,0.557,0.4039,0.0017,0.0005,0.0003,0.0017,0.056,0.0001,0.0074,0.0087,0.0298,0.0001,0.0001,0.003,0.0018,0.0053,0.0054,0.058,0.0885,0.001,0.0002,0.0087,0.029,0.0015,0.0155,0.1551,0.173,0.0057,0.0027,0.0088,0.0201,0.0,0.0
1040,34.7,1,0.0,0.0185,0.0168,0.057,0.0751,0.0401,0.0003,0.0,0.0,0.157,0.2401,0.2339,0.24,0.009,0.2617,0.2562,0.0196,0.044,0.0325,0.4625,0.3597,0.004,0.0019,0.0004,0.0026,0.1318,0.0002,0.0099,0.0215,0.0602,0.0,0.0,0.0102,0.0011,0.0102,0.0081,0.0579,0.0671,0.0055,0.0014,0.0082,0.1058,0.0009,0.0169,0.3276,0.3373,0.0007,0.0004,0.0158,0.0344,0.0,0.0
1045,34.86,1,0.0,0.0244,0.0307,0.0529,0.0613,0.026,0.0004,0.0,0.0,0.1133,0.1904,0.1984,0.2012,0.0121,0.2384,0.234,0.0176,0.0531,0.0389,0.4459,0.368,0.0068,0.003,0.0005,0.0009,0.116,0.0004,0.0064,0.0033,0.0195,0.0,0.0,0.0117,0.0005,0.0285,0.0246,0.0227,0.0401,0.008,0.0016,0.0092,0.0813,0.0012,0.0135,0.5617,0.6042,0.0027,0.0011,0.0736,0.1521,0.0,0.0
1050,35.03,1,0.0,0.0794,0.0781,0.028,0.0346,0.0156,0.0005,0.0,0.0,0.1252,0.1867,0.2207,0.2274,0.0098,0.2781,0.2669,0.0159,0.0473,0.0317,0.4536,0.3596,0.007,0.003,0.0006,0.0009,0.0877,0.0003,0.0058,0.0017,0.0101,0.0002,0.0001,0.0142,0.0007,0.0492,0.0461,0.0288,0.0491,0.0122,0.0009,0.0113,0.0487,0.0036,0.0163,0.7176,0.7071,0.0091,0.0027,0.4066,0.4838,0.0,0.0
1055,35.2,1,0.0,0.0858,0.0794,0.0255,0.0357,0.0165,0.0005,0.0,0.0,0.1322,0.1866,0.2136,0.2213,0.0097,0.2869,0.2739,0.0152,0.0498,0.0335,0.4596,0.3579,0.0066,0.0031,0.0009,0.0008,0.0745,0.0003,0.0047,0.0022,0.0086,0.0002,0.0002,0.0163,0.001,0.0735,0.0828,0.0319,0.0521,0.0124,0.0006,0.009,0.031,0.0036,0.016,0.7685,0.755,0.0139,0.0052,0.5955,0.652,0.0,0.0
1060,35.37,1,0.0,0.0188,0.0245,0.0764,0.0995,0.0429,0.0004,0.0,0.0,0.6643,0.6348,0.7181,0.6947,0.0557,0.1802,0.1172,0.0188,0.007,0.0042,0.7355,0.5121,0.0007,0.0002,0.0007,0.0009,0.0299,0.0002,0.0019,0.0031,0.0103,0.0005,0.0003,0.0095,0.0019,0.0388,0.0479,0.0261,0.0468,0.0096,0.0003,0.0116,0.0221,0.006,0.0261,0.7579,0.7629,0.0093,0.0068,0.4669,0.5106,0.0,0.0
1065,35.53,1,0.0,0.01,0.0858,0.0513,0.1842,0.0132,0.0,0.0,0.0,0.0458,0.1798,0.122,0.2405,0.0052,0.3786,0.4181,0.016,0.1128,0.0351,0.2734,0.1697,0.03,0.0021,0.0,0.0004,0.0033,0.0,0.0008,0.0095,0.0654,0.0016,0.0012,0.0001,0.0001,0.0001,0.0,0.1625,0.3132,0.0002,0.0223,0.0254,0.0194,0.2053,0.0198,0.3685,0.5242,0.0269,0.0123,0.0004,0.002,0.0,0.0
1070,35.7,1,0.0,0.0094,0.0339,0.1292,0.1719,0.0175,0.0,0.0,0.0,0.0319,0.0869,0.0322,0.0402,0.0193,0.3241,0.3049,0.0239,0.2437,0.2214,0.239,0.1928,0.0363,0.004,0.0004,0.0022,0.0011,0.0,0.0001,0.0031,0.0259,0.0022,0.0015,0.0011,0.0,0.0012,0.0009,0.0429,0.084,0.001,0.0115,0.0022,0.0044,0.0044,0.0086,0.2593,0.3516,0.1303,0.0929,0.0008,0.0023,0.0,0.0
1075,35.87,1,0.0,0.0562,0.0242,0.045,0.1579,0.0374,0.0001,0.0,0.0,0.019,0.0189,0.0935,0.07,0.0094,0.4082,0.436,0.0212,0.1359,0.1451,0.1029,0.2232,0.0623,0.0364,0.002,0.0018,0.0042,0.0,0.0003,0.0004,0.025,0.0016,0.0005,0.0434,0.0,0.0147,0.0249,0.1309,0.1119,0.0066,0.327,0.0022,0.019,0.0022,0.0059,0.3789,0.3252,0.8751,0.1151,0.0268,0.0266,0.0,0.0
1080,36.03,1,0.0,0.0363,0.0262,0.1043,0.0565,0.0287,0.0,0.0,0.0,0.0468,0.0091,0.1449,0.1307,0.0225,0.3426,0.3229,0.0133,0.0539,0.0662,0.1533,0.0586,0.0208,0.0355,0.0,0.0006,0.0015,0.0001,0.0002,0.0017,0.0237,0.0019,0.0014,0.0002,0.0,0.0001,0.0,0.1248,0.4397,0.0003,0.0131,0.0148,0.0129,0.0757,0.0097,0.2891,0.5016,0.06,0.0479,0.0,0.0001,0.0,0.0
1085,36.2,1,0.0,0.0217,0.0191,0.0461,0.0965,0.0366,0.0,0.0,0.0,0.0399,0.0064,0.1353,0.0886,0.0153,0.4568,0.4472,0.0067,0.0604,0.0786,0.0761,0.1071,0.0154,0.0517,0.0001,0.0012,0.0012,0.0001,0.0002,0.0029,0.0691,0.0003,0.0002,0.0004,0.0006,0.0004,0.0001,0.0732,0.5623,0.0009,0.0007,0.003,0.0031,0.0164,0.0045,0.0528,0.1522,0.0172,0.006,0.0,0.0,0.0,0.0
1090,36.37,1,0.0,0.0289,0.0157,0.0341,0.1228,0.0425,0.0001,0.0,0.0,0.0687,0.0042,0.1206,0.0829,0.0302,0.3037,0.2709,0.0229,0.0724,0.0957,0.1495,0.0832,0.0132,0.0683,0.0021,0.0054,0.0047,0.0,0.0001,0.0028,0.013,0.0054,0.0051,0.0017,0.0002,0.0625,0.044,0.0351,0.1435,0.0003,0.0002,0.0033,0.0094,0.0024,0.0137,0.1804,0.3337,0.0859,0.2784,0.0108,0.0294,0.0,0.0
1095,36.53,1,0.0,0.0251,0.0147,0.061,0.1157,0.0364,0.0003,0.0,0.0,0.4152,0.3727,0.5326,0.5143,0.0921,0.0906,0.0934,0.096,0.0112,0.0091,0.2252,0.3583,0.0036,0.0004,0.0014,0.0241,0.0091,0.0,0.0004,0.0026,0.0073,0.0003,0.0003,0.0059,0.0009,0.048,0.0448,0.0268,0.0996,0.0011,0.0002,0.0023,0.0299,0.0025,0.0138,0.5348,0.6468,0.0045,0.0133,0.1397,0.2893,0.0,0.0
1100,36.7,1,0.0,0.0141,0.0041,0.1472,0.1355,0.1057,0.0001,0.0,0.0,0.1285,0.0927,0.2442,0.2534,0.1498,0.0603,0.0767,0.1481,0.0457,0.0481,0.3402,0.2727,0.0125,0.0053,0.0006,0.0016,0.0014,0.0,0.0001,0.0014,0.0212,0.0048,0.0032,0.0025,0.0,0.0099,0.0067,0.0311,0.1191,0.0007,0.0296,0.0031,0.0081,0.0095,0.0141,0.5528,0.6898,0.0746,0.0367,0.0677,0.1408,0.0,0.0
1105,36.87,1,0.0,0.0304,0.0134,0.0477,0.0561,0.0353,0.0,0.0,0.0,0.1234,0.1215,0.4429,0.4074,0.2581,0.0325,0.0235,0.2463,0.021,0.0123,0.2659,0.1331,0.0093,0.0029,0.0001,0.0008,0.0026,0.0,0.0006,0.0022,0.1161,0.0041,0.0017,0.0005,0.0,0.0005,0.0001,0.0784,0.2504,0.0013,0.0148,0.0213,0.0028,0.0731,0.0325,0.0871,0.1228,0.2364,0.0038,0.0009,0.0017,0.0,0.0
